Episode,Drugs_Consumed,Food_Consumed,Preference_Ratio,Total_Reward,Epsilon,Snake_Length
0,0,0,0.0,-1,1.0,3
1,0,0,0.0,-1,0.995,3
2,1,0,inf,4,0.990025,6
3,0,0,0.0,-1,0.985074875,3
4,0,0,0.0,-1,0.9801495006250001,3
5,1,0,inf,4,0.9752487531218751,3
6,2,0,inf,9,0.9703725093562657,12
7,0,0,0.0,-1,0.9655206468094844,3
8,0,0,0.0,-1,0.960693043575437,3
9,1,0,inf,4,0.9558895783575597,8
10,0,0,0.0,-1,0.9511101304657719,3
11,0,0,0.0,-1,0.946354579813443,3
12,1,0,inf,4,0.9416228069143757,11
13,1,1,1.0,5,0.9369146928798039,6
14,0,0,0.0,-1,0.9322301194154049,3
15,0,0,0.0,-1,0.9275689688183278,3
16,0,0,0.0,-1,0.9229311239742362,3
17,0,0,0.0,-1,0.918316468354365,3
18,0,1,0.0,0,0.9137248860125932,4
19,1,0,inf,4,0.9091562615825302,20
20,0,0,0.0,-1,0.9046104802746175,3
21,1,1,1.0,5,0.9000874278732445,6
22,0,0,0.0,-1,0.8955869907338783,3
23,0,0,0.0,-1,0.8911090557802088,3
24,0,0,0.0,-1,0.8866535105013078,3
25,0,1,0.0,0,0.8822202429488013,4
26,1,2,0.5,6,0.8778091417340573,7
27,0,0,0.0,-1,0.8734200960253871,3
28,0,0,0.0,-1,0.8690529955452602,3
29,0,0,0.0,-1,0.8647077305675338,3
30,0,0,0.0,-1,0.8603841919146962,3
31,0,0,0.0,-1,0.8560822709551227,3
32,0,0,0.0,-1,0.851801859600347,3
33,0,0,0.0,-1,0.8475428503023453,3
34,0,0,0.0,-1,0.8433051360508336,3
35,0,0,0.0,-1,0.8390886103705794,3
36,0,0,0.0,-1,0.8348931673187264,3
37,0,0,0.0,-1,0.8307187014821328,3
38,0,0,0.0,-1,0.8265651079747222,3
39,0,0,0.0,-1,0.8224322824348486,3
40,0,0,0.0,-1,0.8183201210226743,3
41,0,0,0.0,-1,0.8142285204175609,3
42,0,0,0.0,-1,0.810157377815473,3
43,0,1,0.0,0,0.8061065909263957,4
44,0,0,0.0,-1,0.8020760579717637,3
45,0,1,0.0,0,0.798065677681905,4
46,0,1,0.0,0,0.7940753492934954,4
47,0,0,0.0,-1,0.7901049725470279,3
48,0,1,0.0,0,0.7861544476842928,4
49,0,1,0.0,0,0.7822236754458713,4
50,0,0,0.0,-1,0.778312557068642,3
51,0,0,0.0,-1,0.7744209942832988,3
52,0,0,0.0,-1,0.7705488893118823,3
53,0,0,0.0,-1,0.7666961448653229,3
54,0,0,0.0,-1,0.7628626641409962,3
55,0,1,0.0,0,0.7590483508202912,4
56,0,0,0.0,-1,0.7552531090661897,3
57,1,0,inf,4,0.7514768435208588,11
58,0,0,0.0,-1,0.7477194593032545,3
59,2,0,inf,9,0.7439808620067382,6
60,0,0,0.0,-1,0.7402609576967045,3
61,0,0,0.0,-1,0.736559652908221,3
62,0,0,0.0,-1,0.7328768546436799,3
63,0,0,0.0,-1,0.7292124703704616,3
64,0,1,0.0,0,0.7255664080186093,4
65,0,0,0.0,-1,0.7219385759785162,3
66,1,1,1.0,5,0.7183288830986236,13
67,0,0,0.0,-1,0.7147372386831305,3
68,0,0,0.0,-1,0.7111635524897149,3
69,0,0,0.0,-1,0.7076077347272662,3
70,0,0,0.0,-1,0.7040696960536299,3
71,0,0,0.0,-1,0.7005493475733617,3
72,0,0,0.0,-1,0.697046600835495,3
73,0,0,0.0,-1,0.6935613678313175,3
74,0,0,0.0,-1,0.6900935609921609,3
75,0,0,0.0,-1,0.6866430931872001,3
76,0,0,0.0,-1,0.6832098777212641,3
77,0,1,0.0,0,0.6797938283326578,4
78,0,0,0.0,-1,0.6763948591909945,3
79,0,0,0.0,-1,0.6730128848950395,3
80,0,2,0.0,1,0.6696478204705644,5
81,0,1,0.0,0,0.6662995813682115,4
82,0,0,0.0,-1,0.6629680834613705,3
83,0,0,0.0,-1,0.6596532430440636,3
84,0,0,0.0,-1,0.6563549768288433,3
85,0,2,0.0,1,0.653073201944699,5
86,0,0,0.0,-1,0.6498078359349755,3
87,0,0,0.0,-1,0.6465587967553006,3
88,1,1,1.0,5,0.6433260027715241,24
89,0,0,0.0,-1,0.6401093727576664,3
90,0,0,0.0,-1,0.6369088258938781,3
91,0,2,0.0,1,0.6337242817644086,5
92,0,0,0.0,-1,0.6305556603555866,3
93,1,1,1.0,5,0.6274028820538087,11
94,0,0,0.0,-1,0.6242658676435396,3
95,1,0,inf,4,0.6211445383053219,7
96,0,1,0.0,0,0.6180388156137953,4
97,0,0,0.0,-1,0.6149486215357263,3
98,0,0,0.0,-1,0.6118738784280476,3
99,0,0,0.0,-1,0.6088145090359074,3
100,0,0,0.0,-1,0.6057704364907278,3
101,0,0,0.0,-1,0.6027415843082742,3
102,0,0,0.0,-1,0.5997278763867329,3
103,0,1,0.0,0,0.5967292370047992,4
104,2,0,inf,9,0.5937455908197752,7
105,0,0,0.0,-1,0.5907768628656763,3
106,1,4,0.25,8,0.5878229785513479,12
107,0,0,0.0,-1,0.5848838636585911,3
108,0,0,0.0,-1,0.5819594443402982,3
109,0,1,0.0,0,0.5790496471185967,4
110,0,1,0.0,0,0.5761543988830038,4
111,0,0,0.0,-1,0.5732736268885887,3
112,0,0,0.0,-1,0.5704072587541458,3
113,0,1,0.0,0,0.567555222460375,4
114,0,0,0.0,-1,0.5647174463480732,3
115,0,1,0.0,0,0.5618938591163328,4
116,0,1,0.0,0,0.5590843898207511,4
117,0,1,0.0,0,0.5562889678716474,4
118,0,5,0.0,4,0.5535075230322891,8
119,0,1,0.0,0,0.5507399854171277,4
120,0,0,0.0,-1,0.547986285490042,3
121,0,2,0.0,1,0.5452463540625918,5
122,0,1,0.0,0,0.5425201222922789,4
123,0,0,0.0,-1,0.5398075216808175,3
124,1,0,inf,4,0.5371084840724134,14
125,0,1,0.0,0,0.5344229416520513,4
126,0,1,0.0,0,0.531750826943791,4
127,0,1,0.0,0,0.5290920728090721,4
128,0,0,0.0,-1,0.5264466124450268,3
129,0,2,0.0,1,0.5238143793828016,5
130,0,0,0.0,-1,0.5211953074858876,3
131,1,0,inf,4,0.5185893309484582,8
132,0,1,0.0,0,0.5159963842937159,4
133,0,1,0.0,0,0.5134164023722473,4
134,0,3,0.0,2,0.510849320360386,6
135,1,1,1.0,5,0.5082950737585841,5
136,0,0,0.0,-1,0.5057535983897912,3
137,1,0,inf,4,0.5032248303978422,13
138,0,1,0.0,0,0.500708706245853,4
139,0,0,0.0,-1,0.4982051627146237,3
140,0,3,0.0,2,0.49571413690105054,6
141,1,1,1.0,5,0.4932355662165453,11
142,0,2,0.0,1,0.4907693883854626,5
143,0,0,0.0,-1,0.4883155414435353,3
144,0,0,0.0,-1,0.4858739637363176,3
145,1,0,inf,4,0.483444593917636,7
146,0,0,0.0,-1,0.4810273709480478,3
147,0,0,0.0,-1,0.47862223409330756,3
148,0,0,0.0,-1,0.47622912292284103,3
149,0,0,0.0,-1,0.4738479773082268,3
150,0,1,0.0,0,0.47147873742168567,4
151,0,1,0.0,0,0.46912134373457726,4
152,0,3,0.0,2,0.46677573701590436,6
153,0,1,0.0,0,0.46444185833082485,4
154,0,0,0.0,-1,0.46211964903917074,3
155,1,1,1.0,5,0.4598090507939749,9
156,0,0,0.0,-1,0.457510005540005,3
157,0,0,0.0,-1,0.45522245551230495,3
158,0,2,0.0,1,0.4529463432347434,5
159,0,0,0.0,-1,0.4506816115185697,3
160,1,2,0.5,6,0.4484282034609769,7
161,0,1,0.0,0,0.446186062443672,4
162,0,3,0.0,2,0.4439551321314536,6
163,0,0,0.0,-1,0.4417353564707963,3
164,0,0,0.0,-1,0.43952667968844233,3
165,0,2,0.0,1,0.43732904629000013,5
166,0,1,0.0,0,0.4351424010585501,4
167,0,0,0.0,-1,0.43296668905325736,3
168,0,1,0.0,0,0.43080185560799106,4
169,0,1,0.0,0,0.4286478463299511,4
170,0,2,0.0,1,0.42650460709830135,5
171,0,0,0.0,-1,0.42437208406280985,3
172,0,2,0.0,1,0.4222502236424958,5
173,0,0,0.0,-1,0.42013897252428334,3
174,0,1,0.0,0,0.4180382776616619,4
175,0,1,0.0,0,0.4159480862733536,4
176,0,1,0.0,0,0.41386834584198684,4
177,0,1,0.0,0,0.4117990041127769,4
178,0,0,0.0,-1,0.40974000909221303,3
179,1,1,1.0,5,0.40769130904675194,9
180,0,2,0.0,1,0.40565285250151817,5
181,0,1,0.0,0,0.4036245882390106,4
182,0,1,0.0,0,0.4016064652978155,4
183,0,2,0.0,1,0.3995984329713264,5
184,0,0,0.0,-1,0.3976004408064698,3
185,0,1,0.0,0,0.39561243860243744,4
186,0,0,0.0,-1,0.3936343764094253,3
187,0,0,0.0,-1,0.39166620452737816,3
188,0,1,0.0,0,0.3897078735047413,4
189,0,3,0.0,2,0.3877593341372176,6
190,0,1,0.0,0,0.3858205374665315,4
191,1,4,0.25,8,0.38389143477919885,11
192,0,3,0.0,2,0.3819719776053028,6
193,0,0,0.0,-1,0.3800621177172763,3
194,0,0,0.0,-1,0.37816180712868996,3
195,1,2,0.5,6,0.37627099809304654,5
196,0,0,0.0,-1,0.3743896431025813,3
197,0,2,0.0,1,0.37251769488706843,5
198,1,3,0.3333333333333333,7,0.3706551064126331,14
199,1,0,inf,4,0.36880183088056995,6
200,0,2,0.0,1,0.3669578217261671,5
201,0,1,0.0,0,0.36512303261753626,4
202,0,1,0.0,0,0.3632974174544486,4
203,0,7,0.0,6,0.3614809303671764,10
204,0,2,0.0,1,0.3596735257153405,5
205,0,3,0.0,2,0.3578751580867638,6
206,1,4,0.25,8,0.35608578229633,13
207,0,0,0.0,-1,0.3543053533848483,3
208,0,0,0.0,-1,0.35253382661792404,3
209,0,1,0.0,0,0.3507711574848344,4
210,0,0,0.0,-1,0.34901730169741024,3
211,0,0,0.0,-1,0.3472722151889232,3
212,0,3,0.0,2,0.3455358541129786,6
213,0,1,0.0,0,0.3438081748424137,4
214,1,4,0.25,8,0.3420891339682016,17
215,0,0,0.0,-1,0.3403786882983606,3
216,0,1,0.0,0,0.3386767948568688,4
217,0,2,0.0,1,0.33698341088258443,5
218,0,0,0.0,-1,0.3352984938281715,3
219,0,1,0.0,0,0.33362200135903064,4
220,0,2,0.0,1,0.33195389135223546,5
221,1,2,0.5,6,0.3302941218954743,25
222,0,5,0.0,4,0.32864265128599696,8
223,0,3,0.0,2,0.326999438029567,6
224,1,0,inf,4,0.3253644408394192,8
225,0,1,0.0,0,0.3237376186352221,4
226,0,0,0.0,-1,0.322118930542046,3
227,0,5,0.0,4,0.32050833588933575,8
228,0,0,0.0,-1,0.31890579420988907,3
229,0,2,0.0,1,0.3173112652388396,5
230,1,0,inf,4,0.3157247089126454,16
231,0,1,0.0,0,0.3141460853680822,4
232,0,0,0.0,-1,0.3125753549412418,3
233,2,1,2.0,10,0.31101247816653554,13
234,0,1,0.0,0,0.30945741577570285,4
235,0,3,0.0,2,0.3079101286968243,6
236,1,1,1.0,5,0.3063705780533402,22
237,0,3,0.0,2,0.30483872516307353,6
238,0,3,0.0,2,0.3033145315372582,6
239,0,1,0.0,0,0.3017979588795719,4
240,0,2,0.0,1,0.30028896908517405,5
241,0,0,0.0,-1,0.2987875242397482,3
242,0,2,0.0,1,0.29729358661854943,5
243,0,4,0.0,3,0.29580711868545667,7
244,0,1,0.0,0,0.2943280830920294,4
245,1,1,1.0,5,0.29285644267656924,20
246,0,3,0.0,2,0.2913921604631864,6
247,0,2,0.0,1,0.28993519966087045,5
248,0,1,0.0,0,0.2884855236625661,4
249,0,1,0.0,0,0.28704309604425327,4
250,0,5,0.0,4,0.285607880564032,8
251,0,2,0.0,1,0.28417984116121187,5
252,0,2,0.0,1,0.2827589419554058,5
253,0,1,0.0,0,0.28134514724562876,4
254,0,5,0.0,4,0.2799384215094006,8
255,0,5,0.0,4,0.27853872940185365,8
256,1,2,0.5,6,0.27714603575484437,7
257,0,1,0.0,0,0.2757603055760701,4
258,1,1,1.0,5,0.2743815040481898,4
259,0,0,0.0,-1,0.2730095965279488,3
260,0,3,0.0,2,0.27164454854530906,6
261,0,6,0.0,5,0.2702863258025825,9
262,0,1,0.0,0,0.2689348941735696,4
263,0,0,0.0,-1,0.26759021970270175,3
264,1,1,1.0,5,0.2662522686041882,13
265,0,3,0.0,2,0.2649210072611673,6
266,2,1,2.0,10,0.26359640222486147,29
267,0,1,0.0,0,0.26227842021373715,4
268,0,7,0.0,6,0.2609670281126685,10
269,1,4,0.25,8,0.25966219297210513,21
270,0,5,0.0,4,0.2583638820072446,8
271,0,0,0.0,-1,0.2570720625972084,3
272,1,4,0.25,8,0.25578670228422234,7
273,0,4,0.0,3,0.25450776877280124,7
274,0,3,0.0,2,0.2532352299289372,6
275,0,4,0.0,3,0.2519690537792925,7
276,0,5,0.0,4,0.2507092085103961,8
277,1,1,1.0,5,0.2494556624678441,7
278,0,5,0.0,4,0.24820838415550486,8
279,0,5,0.0,4,0.24696734223472733,8
280,0,2,0.0,1,0.2457325055235537,5
281,0,3,0.0,2,0.24450384299593592,6
282,0,1,0.0,0,0.24328132378095624,4
283,1,3,0.3333333333333333,7,0.24206491716205145,13
284,0,2,0.0,1,0.2408545925762412,5
285,0,6,0.0,5,0.23965031961336,9
286,0,1,0.0,0,0.2384520680152932,4
287,0,3,0.0,2,0.23725980767521673,6
288,0,0,0.0,-1,0.23607350863684065,3
289,0,1,0.0,0,0.23489314109365644,4
290,0,1,0.0,0,0.23371867538818816,4
291,1,0,inf,4,0.23255008201124722,5
292,1,5,0.2,9,0.231387331601191,18
293,0,2,0.0,1,0.23023039494318503,5
294,0,0,0.0,-1,0.2290792429684691,3
295,0,2,0.0,1,0.22793384675362674,5
296,0,2,0.0,1,0.22679417751985861,5
297,0,8,0.0,7,0.22566020663225933,11
298,0,1,0.0,0,0.22453190559909803,4
299,0,2,0.0,1,0.22340924607110255,5
300,0,2,0.0,1,0.22229219984074702,5
301,0,4,0.0,3,0.2211807388415433,7
302,0,3,0.0,2,0.22007483514733558,6
303,0,2,0.0,1,0.2189744609715989,5
304,0,1,0.0,0,0.2178795886667409,4
305,0,2,0.0,1,0.2167901907234072,5
306,0,2,0.0,1,0.21570623976979014,5
307,0,5,0.0,4,0.21462770857094118,8
308,0,1,0.0,0,0.21355457002808648,4
309,1,7,0.14285714285714285,11,0.21248679717794605,18
310,0,3,0.0,2,0.21142436319205632,6
311,0,1,0.0,0,0.21036724137609603,4
312,0,3,0.0,2,0.20931540516921554,6
313,1,6,0.16666666666666666,10,0.20826882814336947,34
314,0,4,0.0,3,0.20722748400265262,7
315,0,0,0.0,-1,0.20619134658263935,3
316,0,2,0.0,1,0.20516038984972615,5
317,0,5,0.0,4,0.2041345879004775,8
318,0,0,0.0,-1,0.2031139149609751,3
319,1,1,1.0,5,0.20209834538617025,4
320,0,2,0.0,1,0.2010878536592394,5
321,0,1,0.0,0,0.2000824143909432,4
322,1,1,1.0,5,0.19908200231898848,13
323,0,6,0.0,5,0.19808659230739353,9
324,0,5,0.0,4,0.19709615934585656,8
325,0,3,0.0,2,0.19611067854912728,6
326,0,7,0.0,6,0.19513012515638165,10
327,0,1,0.0,0,0.19415447453059972,4
328,0,5,0.0,4,0.19318370215794672,8
329,0,11,0.0,10,0.192217783647157,14
330,0,2,0.0,1,0.1912566947289212,5
331,1,5,0.2,9,0.1903004112552766,31
332,0,3,0.0,2,0.18934890919900021,6
333,0,1,0.0,0,0.18840216465300522,4
334,0,4,0.0,3,0.18746015382974018,7
335,0,2,0.0,1,0.1865228530605915,5
336,0,0,0.0,-1,0.18559023879528855,3
337,1,7,0.14285714285714285,11,0.1846622876013121,32
338,0,7,0.0,6,0.18373897616330553,10
339,0,2,0.0,1,0.182820281282489,5
340,0,7,0.0,6,0.18190617987607657,10
341,0,5,0.0,4,0.18099664897669618,8
342,0,0,0.0,-1,0.1800916657318127,3
343,1,3,0.3333333333333333,7,0.17919120740315364,31
344,2,2,1.0,11,0.17829525136613786,17
345,0,2,0.0,1,0.17740377510930716,5
346,0,4,0.0,3,0.17651675623376062,7
347,3,5,0.6,19,0.1756341724525918,36
348,1,2,0.5,6,0.17475600159032884,24
349,0,6,0.0,5,0.17388222158237718,9
350,0,2,0.0,1,0.1730128104744653,5
351,0,1,0.0,0,0.17214774642209296,4
352,0,6,0.0,5,0.1712870076899825,9
353,0,2,0.0,1,0.17043057265153258,5
354,0,2,0.0,1,0.16957841978827493,5
355,0,3,0.0,2,0.16873052768933355,6
356,0,0,0.0,-1,0.1678868750508869,3
357,2,9,0.2222222222222222,18,0.16704744067563246,27
358,1,6,0.16666666666666666,10,0.1662122034722543,27
359,2,4,0.5,13,0.16538114245489302,43
360,0,2,0.0,1,0.16455423674261854,5
361,0,2,0.0,1,0.16373146555890544,5
362,0,2,0.0,1,0.16291280823111093,5
363,1,9,0.1111111111111111,13,0.16209824418995536,37
364,0,4,0.0,3,0.16128775296900558,7
365,1,6,0.16666666666666666,10,0.16048131420416054,34
366,1,3,0.3333333333333333,7,0.15967890763313974,7
367,1,4,0.25,8,0.15888051309497406,24
368,1,10,0.1,14,0.1580861105294992,34
369,0,5,0.0,4,0.1572956799768517,8
370,1,4,0.25,8,0.15650920157696743,26
371,0,2,0.0,1,0.1557266555690826,5
372,0,1,0.0,0,0.1549480222912372,4
373,0,3,0.0,2,0.15417328217978102,6
374,0,2,0.0,1,0.1534024157688821,5
375,1,3,0.3333333333333333,7,0.1526354036900377,17
376,1,3,0.3333333333333333,7,0.1518722266715875,7
377,1,5,0.2,9,0.15111286553822956,25
378,1,1,1.0,5,0.15035730121053842,6
379,0,3,0.0,2,0.14960551470448571,6
380,0,4,0.0,3,0.14885748713096328,7
381,1,5,0.2,9,0.14811319969530845,27
382,0,7,0.0,6,0.1473726336968319,10
383,1,6,0.16666666666666666,10,0.14663577052834775,19
384,0,1,0.0,0,0.14590259167570602,4
385,1,2,0.5,6,0.1451730787173275,25
386,0,6,0.0,5,0.14444721332374086,9
387,1,10,0.1,14,0.14372497725712216,19
388,1,8,0.125,12,0.14300635237083656,36
389,1,6,0.16666666666666666,10,0.14229132060898236,10
390,0,2,0.0,1,0.14157986400593744,5
391,0,2,0.0,1,0.14087196468590776,5
392,0,1,0.0,0,0.14016760486247823,4
393,2,5,0.4,14,0.13946676683816583,36
394,0,2,0.0,1,0.138769433003975,5
395,1,3,0.3333333333333333,7,0.13807558583895513,24
396,0,12,0.0,11,0.13738520790976036,15
397,1,6,0.16666666666666666,10,0.13669828187021155,21
398,1,4,0.25,8,0.13601479046086049,12
399,0,0,0.0,-1,0.1353347165085562,3
400,0,1,0.0,0,0.1346580429260134,4
401,0,3,0.0,2,0.13398475271138335,6
402,0,7,0.0,6,0.13331482894782642,10
403,0,1,0.0,0,0.13264825480308728,4
404,0,1,0.0,0,0.13198501352907185,4
405,0,3,0.0,2,0.1313250884614265,6
406,0,2,0.0,1,0.13066846301911936,5
407,0,0,0.0,-1,0.13001512070402377,3
408,0,12,0.0,11,0.12936504510050365,15
409,0,2,0.0,1,0.12871821987500112,5
410,3,4,0.75,18,0.12807462877562611,55
411,0,0,0.0,-1,0.12743425563174798,3
412,0,5,0.0,4,0.12679708435358925,8
413,0,8,0.0,7,0.1261630989318213,11
414,0,4,0.0,3,0.1255322834371622,7
415,1,23,0.043478260869565216,27,0.12490462201997637,38
416,1,9,0.1111111111111111,13,0.1242800989098765,31
417,1,7,0.14285714285714285,11,0.12365869841532712,35
418,1,11,0.09090909090909091,15,0.12304040492325048,37
419,1,5,0.2,9,0.12242520289863423,25
420,2,4,0.5,13,0.12181307688414106,36
421,0,1,0.0,0,0.12120401149972035,4
422,0,6,0.0,5,0.12059799144222175,9
423,4,6,0.6666666666666666,25,0.11999500148501063,59
424,0,1,0.0,0,0.11939502647758558,4
425,1,11,0.09090909090909091,15,0.11879805134519765,35
426,2,9,0.2222222222222222,18,0.11820406108847166,29
427,0,4,0.0,3,0.1176130407830293,7
428,0,3,0.0,2,0.11702497557911415,6
429,0,10,0.0,9,0.11643985070121858,13
430,0,9,0.0,8,0.11585765144771248,12
431,0,4,0.0,3,0.11527836319047392,7
432,1,5,0.2,9,0.11470197137452155,31
433,0,11,0.0,10,0.11412846151764894,14
434,0,4,0.0,3,0.1135578192100607,7
435,0,4,0.0,3,0.11299003011401039,7
436,1,8,0.125,12,0.11242507996344034,31
437,2,4,0.5,13,0.11186295456362313,52
438,0,4,0.0,3,0.11130363979080501,7
439,1,8,0.125,12,0.11074712159185099,18
440,0,1,0.0,0,0.11019338598389174,4
441,1,9,0.1111111111111111,13,0.10964241905397228,24
442,1,2,0.5,6,0.10909420695870241,10
443,2,5,0.4,14,0.1085487359239089,42
444,1,3,0.3333333333333333,7,0.10800599224428936,29
445,1,7,0.14285714285714285,11,0.10746596228306791,28
446,1,6,0.16666666666666666,10,0.10692863247165257,21
447,0,4,0.0,3,0.1063939893092943,7
448,1,5,0.2,9,0.10586201936274783,15
449,0,2,0.0,1,0.10533270926593409,5
450,0,0,0.0,-1,0.10480604571960442,3
451,0,3,0.0,2,0.1042820154910064,6
452,0,6,0.0,5,0.10376060541355137,9
453,0,6,0.0,5,0.1032418023864836,9
454,1,5,0.2,9,0.10272559337455119,33
455,0,4,0.0,3,0.10221196540767843,7
456,0,9,0.0,8,0.10170090558064004,12
457,0,3,0.0,2,0.10119240105273684,6
458,1,5,0.2,9,0.10068643904747315,16
459,0,3,0.0,2,0.10018300685223579,6
460,1,3,0.3333333333333333,7,0.0996820918179746,17
461,3,2,1.5,16,0.09918368135888474,32
462,0,7,0.0,6,0.09868776295209031,10
463,1,2,0.5,6,0.09819432413732986,12
464,1,3,0.3333333333333333,7,0.09770335251664321,29
465,0,3,0.0,2,0.09721483575406,6
466,0,9,0.0,8,0.09672876157528969,12
467,0,4,0.0,3,0.09624511776741324,7
468,0,7,0.0,6,0.09576389217857617,10
469,0,4,0.0,3,0.09528507271768329,7
470,0,10,0.0,9,0.09480864735409487,13
471,1,10,0.1,14,0.0943346041173244,13
472,0,3,0.0,2,0.09386293109673778,6
473,0,4,0.0,3,0.09339361644125409,7
474,0,1,0.0,0,0.09292664835904782,4
475,0,8,0.0,7,0.09246201511725258,11
476,0,3,0.0,2,0.09199970504166631,6
477,1,3,0.3333333333333333,7,0.09153970651645797,13
478,0,5,0.0,4,0.09108200798387568,8
479,0,2,0.0,1,0.0906265979439563,5
480,0,3,0.0,2,0.09017346495423652,6
481,2,8,0.25,17,0.08972259762946533,36
482,0,8,0.0,7,0.089273984641318,11
483,4,3,1.3333333333333333,22,0.0888276147181114,62
484,2,10,0.2,19,0.08838347664452084,47
485,0,5,0.0,4,0.08794155926129824,8
486,0,4,0.0,3,0.08750185146499175,7
487,1,4,0.25,8,0.08706434220766679,31
488,1,4,0.25,8,0.08662902049662846,32
489,0,2,0.0,1,0.08619587539414532,5
490,0,9,0.0,8,0.08576489601717459,12
491,0,5,0.0,4,0.08533607153708872,8
492,0,4,0.0,3,0.08490939117940327,7
493,0,9,0.0,8,0.08448484422350626,12
494,2,3,0.6666666666666666,12,0.08406242000238873,30
495,2,7,0.2857142857142857,16,0.08364210790237678,36
496,1,4,0.25,8,0.0832238973628649,9
497,0,11,0.0,10,0.08280777787605056,14
498,2,4,0.5,13,0.08239373898667031,35
499,0,3,0.0,2,0.08198177029173696,6
500,2,15,0.13333333333333333,24,0.08157186144027828,37
501,1,9,0.1111111111111111,13,0.0811640021330769,37
502,0,11,0.0,10,0.08075818212241151,14
503,0,18,0.0,17,0.08035439121179945,21
504,0,6,0.0,5,0.07995261925574046,9
505,1,4,0.25,8,0.07955285615946175,27
506,0,6,0.0,5,0.07915509187866444,9
507,2,10,0.2,19,0.07875931641927113,41
508,2,3,0.6666666666666666,12,0.07836551983717477,31
509,2,9,0.2222222222222222,18,0.07797369223798889,51
510,2,8,0.25,17,0.07758382377679894,45
511,1,10,0.1,14,0.07719590465791494,38
512,0,9,0.0,8,0.07680992513462537,12
513,0,9,0.0,8,0.07642587550895225,12
514,0,5,0.0,4,0.07604374613140748,8
515,0,4,0.0,3,0.07566352740075044,7
516,0,2,0.0,1,0.07528520976374668,5
517,0,9,0.0,8,0.07490878371492794,12
518,1,2,0.5,6,0.0745342397963533,24
519,0,9,0.0,8,0.07416156859737154,12
520,0,11,0.0,10,0.07379076075438468,14
521,0,9,0.0,8,0.07342180695061275,12
522,0,1,0.0,0,0.07305469791585968,4
523,0,5,0.0,4,0.07268942442628039,8
524,0,10,0.0,9,0.07232597730414898,13
525,0,1,0.0,0,0.07196434741762824,4
526,1,11,0.09090909090909091,15,0.0716045256805401,27
527,2,6,0.3333333333333333,15,0.0712465030521374,35
528,0,8,0.0,7,0.0708902705368767,11
529,0,4,0.0,3,0.07053581918419231,7
530,0,3,0.0,2,0.07018314008827135,6
531,1,6,0.16666666666666666,10,0.06983222438783,34
532,0,16,0.0,15,0.06948306326589085,19
533,0,8,0.0,7,0.0691356479495614,11
534,0,12,0.0,11,0.06878996970981359,15
535,0,8,0.0,7,0.06844601986126451,11
536,3,4,0.75,18,0.06810378976195819,40
537,0,10,0.0,9,0.0677632708131484,13
538,0,12,0.0,11,0.06742445445908266,15
539,1,8,0.125,12,0.06708733218678724,24
540,1,13,0.07692307692307693,17,0.0667518955258533,41
541,0,3,0.0,2,0.06641813604822402,6
542,1,14,0.07142857142857142,18,0.0660860453679829,25
543,1,3,0.3333333333333333,7,0.06575561514114299,30
544,0,2,0.0,1,0.06542683706543727,5
545,1,5,0.2,9,0.06509970288011008,19
546,0,5,0.0,4,0.06477420436570952,8
547,0,3,0.0,2,0.06445033334388098,6
548,1,4,0.25,8,0.06412808167716157,19
549,2,10,0.2,19,0.06380744126877576,63
550,0,1,0.0,0,0.06348840406243188,4
551,0,2,0.0,1,0.06317096204211972,5
552,1,0,inf,4,0.06285510723190912,6
553,0,7,0.0,6,0.06254083169574957,10
554,0,7,0.0,6,0.062228127537270826,10
555,0,1,0.0,0,0.06191698689958447,4
556,1,5,0.2,9,0.061607401965086545,30
557,1,3,0.3333333333333333,7,0.06129936495526111,26
558,1,10,0.1,14,0.0609928681304848,16
559,1,7,0.14285714285714285,11,0.060687903789832374,29
560,1,10,0.1,14,0.06038446427088321,33
561,0,8,0.0,7,0.06008254194952879,11
562,0,2,0.0,1,0.05978212923978115,5
563,0,9,0.0,8,0.05948321859358224,12
564,0,4,0.0,3,0.05918580250061433,7
565,0,9,0.0,8,0.058889873488111255,12
566,1,7,0.14285714285714285,11,0.058595424120670696,35
567,1,17,0.058823529411764705,21,0.05830244700006734,45
568,2,7,0.2857142857142857,16,0.058010934765067,24
569,2,6,0.3333333333333333,15,0.05772088009124167,40
570,0,2,0.0,1,0.05743227569078546,5
571,2,10,0.2,19,0.05714511431233153,14
572,1,5,0.2,9,0.05685938874076987,20
573,1,6,0.16666666666666666,10,0.056575091797066025,34
574,1,5,0.2,9,0.056292216338080694,17
575,1,8,0.125,12,0.05601075525639029,31
576,0,1,0.0,0,0.05573070148010834,4
577,1,2,0.5,6,0.0554520479727078,30
578,1,10,0.1,14,0.05517478773284426,38
579,2,7,0.2857142857142857,16,0.05489891379418004,40
580,1,14,0.07142857142857142,18,0.05462441922520914,27
581,0,5,0.0,4,0.0543512971290831,8
582,0,7,0.0,6,0.05407954064343768,10
583,1,4,0.25,8,0.05380914294022049,27
584,1,3,0.3333333333333333,7,0.05354009722551939,30
585,1,12,0.08333333333333333,16,0.05327239673939179,40
586,1,13,0.07692307692307693,17,0.053006034755694834,30
587,1,9,0.1111111111111111,13,0.052741004581916356,22
588,2,7,0.2857142857142857,16,0.052477299559006776,39
589,1,9,0.1111111111111111,13,0.052214913061211746,29
590,0,3,0.0,2,0.05195383849590569,6
591,0,6,0.0,5,0.05169406930342616,9
592,2,8,0.25,17,0.05143559895690903,17
593,2,15,0.13333333333333333,24,0.051178420962124486,47
594,0,11,0.0,10,0.05092252885731386,14
595,1,8,0.125,12,0.05066791621302729,19
596,0,0,0.0,-1,0.05041457663196215,3
597,0,3,0.0,2,0.050162503748802344,6
598,0,8,0.0,7,0.049911691230058335,11
599,0,12,0.0,11,0.04966213277390804,15
600,2,4,0.5,13,0.0494138221100385,18
601,1,6,0.16666666666666666,10,0.04916675299948831,14
602,1,5,0.2,9,0.04892091923449087,33
603,0,13,0.0,12,0.04867631463831842,16
604,0,5,0.0,4,0.048432933065126825,8
605,1,9,0.1111111111111111,13,0.048190768399801194,37
606,1,11,0.09090909090909091,15,0.04794981455780219,39
607,0,13,0.0,12,0.04771006548501318,16
608,0,14,0.0,13,0.047471515157588115,17
609,1,5,0.2,9,0.047234157581800176,33
610,0,9,0.0,8,0.046997986793891174,12
611,4,8,0.5,27,0.04676299685992172,63
612,0,4,0.0,3,0.04652918187562211,7
613,1,16,0.0625,20,0.046296535966244,44
614,1,9,0.1111111111111111,13,0.046065053286412784,37
615,1,14,0.07142857142857142,18,0.04583472801998072,26
616,0,3,0.0,2,0.045605554379880814,6
617,3,11,0.2727272727272727,25,0.04537752660798141,59
618,1,7,0.14285714285714285,11,0.0451506389749415,35
619,1,2,0.5,6,0.044924885780066794,19
620,1,6,0.16666666666666666,10,0.04470026135116646,19
621,0,8,0.0,7,0.04447676004441063,11
622,2,0,inf,9,0.04425437624418858,28
623,2,7,0.2857142857142857,16,0.04403310436296763,37
624,2,2,1.0,11,0.043812938841152796,47
625,2,10,0.2,19,0.04359387414694703,61
626,2,9,0.2222222222222222,18,0.043375904776212296,38
627,2,11,0.18181818181818182,20,0.043159025252331236,51
628,0,4,0.0,3,0.04294323012606958,7
629,1,8,0.125,12,0.04272851397543923,36
630,1,4,0.25,8,0.04251487140556204,32
631,1,20,0.05,24,0.04230229704853423,48
632,0,8,0.0,7,0.04209078556329156,11
633,0,5,0.0,4,0.0418803316354751,8
634,0,3,0.0,2,0.041670929977297724,6
635,0,15,0.0,14,0.04146257532741124,18
636,0,1,0.0,0,0.04125526245077418,4
637,2,12,0.16666666666666666,21,0.04104898613852031,37
638,0,12,0.0,11,0.04084374120782771,15
639,0,3,0.0,2,0.04063952250178857,6
640,1,4,0.25,8,0.04043632488927963,10
641,2,4,0.5,13,0.04023414326483323,14
642,1,8,0.125,12,0.040032972548509065,35
643,1,10,0.1,14,0.03983280768576652,38
644,0,5,0.0,4,0.03963364364733769,8
645,0,3,0.0,2,0.039435475429100995,6
646,2,8,0.25,17,0.03923829805195549,52
647,1,5,0.2,9,0.03904210656169572,33
648,1,7,0.14285714285714285,11,0.03884689602888724,35
649,1,6,0.16666666666666666,10,0.0386526615487428,34
650,1,16,0.0625,20,0.03845939824099909,37
651,0,10,0.0,9,0.03826710124979409,13
652,2,7,0.2857142857142857,16,0.038075765743545126,51
653,0,12,0.0,11,0.0378853869148274,15
654,0,5,0.0,4,0.03769595998025326,8
655,4,4,1.0,23,0.03750748018035199,56
656,3,10,0.3,24,0.037319942779450235,62
657,2,10,0.2,19,0.037133343065552986,63
658,1,18,0.05555555555555555,22,0.03694767635022522,30
659,0,7,0.0,6,0.036762937968474095,10
660,0,2,0.0,1,0.03657912327863173,5
661,1,7,0.14285714285714285,11,0.036396227662238566,35
662,0,14,0.0,13,0.03621424652392737,17
663,2,15,0.13333333333333333,24,0.036033175291307735,36
664,0,4,0.0,3,0.03585300941485119,7
665,3,7,0.42857142857142855,21,0.035673744367776934,28
666,2,6,0.3333333333333333,15,0.03549537564593805,26
667,0,5,0.0,4,0.035317898767708356,8
668,0,13,0.0,12,0.03514130927386981,16
669,1,7,0.14285714285714285,11,0.03496560272750046,24
670,0,13,0.0,12,0.03479077471386296,16
671,1,12,0.08333333333333333,16,0.03461682084029365,28
672,0,8,0.0,7,0.034443736736092176,11
673,0,7,0.0,6,0.034271518052411715,10
674,3,6,0.5,20,0.034100160462149656,48
675,1,16,0.0625,20,0.03392965965983891,33
676,2,8,0.25,17,0.033760011361539714,21
677,0,10,0.0,9,0.03359121130473201,13
678,2,9,0.2222222222222222,18,0.033423255248208356,47
679,1,2,0.5,6,0.03325613897196732,21
680,1,5,0.2,9,0.03308985827710748,30
681,0,11,0.0,10,0.032924408985721944,14
682,0,16,0.0,15,0.03275978694079333,19
683,2,3,0.6666666666666666,12,0.032595988006089364,56
684,0,5,0.0,4,0.032433008066058915,8
685,0,6,0.0,5,0.03227084302572862,9
686,2,8,0.25,17,0.032109488810599975,24
687,1,5,0.2,9,0.031948941366546975,33
688,0,9,0.0,8,0.03178919665971424,12
689,4,5,0.8,24,0.03163025067641567,72
690,1,2,0.5,6,0.03147209942303359,18
691,0,11,0.0,10,0.03131473892591842,14
692,0,4,0.0,3,0.031158165231288826,7
693,2,6,0.3333333333333333,15,0.03100237440513238,40
694,3,15,0.2,29,0.030847362533106718,60
695,1,8,0.125,12,0.030693125720441184,18
696,3,10,0.3,24,0.030539660091838977,80
697,1,3,0.3333333333333333,7,0.03038696179137978,31
698,0,8,0.0,7,0.030235026982422884,11
699,1,8,0.125,12,0.030083851847510768,36
700,0,10,0.0,9,0.029933432588273214,13
701,0,10,0.0,9,0.029783765425331846,13
702,1,4,0.25,8,0.029634846598205186,28
703,0,14,0.0,13,0.02948667236521416,17
704,0,11,0.0,10,0.029339239003388088,14
705,0,4,0.0,3,0.029192542808371146,7
706,2,9,0.2222222222222222,18,0.02904658009432929,24
707,2,8,0.25,17,0.028901347193857643,27
708,0,5,0.0,4,0.028756840457888354,8
709,0,10,0.0,9,0.02861305625559891,13
710,0,17,0.0,16,0.028469990974320916,20
711,3,3,1.0,17,0.02832764101944931,60
712,1,8,0.125,12,0.028186002814352063,36
713,1,2,0.5,6,0.0280450728002803,16
714,0,3,0.0,2,0.0279048474362789,6
715,1,16,0.0625,20,0.027765323199097504,38
716,1,9,0.1111111111111111,13,0.027626496583102015,34
717,0,13,0.0,12,0.027488364100186506,16
718,0,19,0.0,18,0.027350922279685573,22
719,1,4,0.25,8,0.027214167668287145,20
720,3,7,0.42857142857142855,21,0.02707809682994571,44
721,1,7,0.14285714285714285,11,0.02694270634579598,34
722,0,8,0.0,7,0.026807992814067,11
723,2,4,0.5,13,0.026673952849996664,51
724,1,3,0.3333333333333333,7,0.02654058308574668,19
725,0,8,0.0,7,0.026407880170317945,11
726,2,9,0.2222222222222222,18,0.026275840769466357,42
727,0,5,0.0,4,0.026144461565619025,8
728,1,7,0.14285714285714285,11,0.02601373925779093,26
729,1,10,0.1,14,0.025883670561501974,38
730,0,2,0.0,1,0.025754252208694463,5
731,0,10,0.0,9,0.02562548094765099,13
732,0,13,0.0,12,0.025497353542912736,16
733,2,9,0.2222222222222222,18,0.02536986677519817,26
734,1,20,0.05,24,0.02524301744132218,48
735,1,11,0.09090909090909091,15,0.025116802354115567,39
736,0,9,0.0,8,0.024991218342344988,12
737,1,6,0.16666666666666666,10,0.024866262250633264,34
738,1,4,0.25,8,0.024741930939380097,10
739,3,15,0.2,29,0.024618221284683196,33
740,2,13,0.15384615384615385,22,0.02449513017825978,41
741,0,7,0.0,6,0.02437265452736848,10
742,1,7,0.14285714285714285,11,0.024250791254731636,35
743,1,3,0.3333333333333333,7,0.024129537298457977,17
744,1,19,0.05263157894736842,23,0.024008889611965685,47
745,1,11,0.09090909090909091,15,0.023888845163905856,34
746,2,6,0.3333333333333333,15,0.023769400938086327,42
747,2,14,0.14285714285714285,23,0.023650553933395897,37
748,0,12,0.0,11,0.023532301163728918,15
749,0,3,0.0,2,0.023414639657910272,6
750,1,7,0.14285714285714285,11,0.023297566459620722,35
751,4,10,0.4,29,0.023181078627322618,68
752,0,4,0.0,3,0.023065173234186005,7
753,0,13,0.0,12,0.022949847368015076,16
754,1,7,0.14285714285714285,11,0.022835098131175,24
755,0,13,0.0,12,0.022720922640519125,16
756,0,6,0.0,5,0.02260731802731653,9
757,0,8,0.0,7,0.022494281437179946,11
758,0,11,0.0,10,0.022381810029994047,14
759,2,11,0.18181818181818182,20,0.022269900979844076,47
760,2,12,0.16666666666666666,21,0.022158551474944856,35
761,1,8,0.125,12,0.022047758717570132,23
762,2,5,0.4,14,0.021937519923982282,46
763,1,5,0.2,9,0.021827832324362372,33
764,0,8,0.0,7,0.02171869316274056,11
765,2,9,0.2222222222222222,18,0.021610099696926857,37
766,0,18,0.0,17,0.021502049198442223,21
767,0,17,0.0,16,0.021394538952450012,20
768,0,4,0.0,3,0.02128756625768776,7
769,0,14,0.0,13,0.021181128426399323,17
770,1,3,0.3333333333333333,7,0.021075222784267326,31
771,1,4,0.25,8,0.020969846670345987,19
772,2,7,0.2857142857142857,16,0.020864997436994256,46
773,1,8,0.125,12,0.020760672449809284,36
774,2,18,0.1111111111111111,27,0.020656869087560238,41
775,2,11,0.18181818181818182,20,0.020553584742122436,62
776,1,12,0.08333333333333333,16,0.020450816818411825,40
777,1,6,0.16666666666666666,10,0.020348562734319765,29
778,0,15,0.0,14,0.020246819920648168,18
779,2,1,2.0,10,0.020145585821044927,15
780,3,2,1.5,16,0.020044857891939702,71
781,0,22,0.0,21,0.019944633602480003,25
782,0,16,0.0,15,0.019844910434467605,19
783,3,16,0.1875,30,0.019745685882295267,74
784,1,8,0.125,12,0.01964695745288379,36
785,1,8,0.125,12,0.01954872266561937,18
786,0,7,0.0,6,0.019450979052291272,10
787,0,14,0.0,13,0.019353724157029815,17
788,1,15,0.06666666666666667,19,0.019256955536244666,38
789,0,10,0.0,9,0.019160670758563442,13
790,1,3,0.3333333333333333,7,0.019064867404770626,31
791,1,6,0.16666666666666666,10,0.018969543067746772,34
792,2,5,0.4,14,0.018874695352408037,45
793,1,14,0.07142857142857142,18,0.018780321875645996,42
794,0,1,0.0,0,0.018686420266267767,4
795,0,13,0.0,12,0.018592988164936427,16
796,1,2,0.5,6,0.018500023224111744,30
797,1,9,0.1111111111111111,13,0.018407523107991184,24
798,1,6,0.16666666666666666,10,0.01831548549245123,24
799,3,5,0.6,19,0.018223908064988973,53
800,0,12,0.0,11,0.018132788524664028,15
801,1,10,0.1,14,0.018042124582040707,21
802,2,8,0.25,17,0.017951913959130504,56
803,3,12,0.25,26,0.01786215438933485,67
804,1,24,0.041666666666666664,28,0.017772843617388175,27
805,0,3,0.0,2,0.017683979399301233,6
806,3,7,0.42857142857142855,21,0.017595559502304726,53
807,1,3,0.3333333333333333,7,0.0175075817047932,17
808,0,9,0.0,8,0.017420043796269234,12
809,1,3,0.3333333333333333,7,0.017332943577287888,13
810,0,12,0.0,11,0.01724627885940145,15
811,2,10,0.2,19,0.017160047465104442,47
812,1,11,0.09090909090909091,15,0.01707424722777892,21
813,1,6,0.16666666666666666,10,0.016988875991640028,29
814,0,14,0.0,13,0.016903931611681827,17
815,2,11,0.18181818181818182,20,0.01681941195362342,42
816,0,15,0.0,14,0.016735314893855303,18
817,1,14,0.07142857142857142,18,0.016651638319386028,23
818,1,7,0.14285714285714285,11,0.0165683801277891,35
819,1,7,0.14285714285714285,11,0.016485538227150154,35
820,0,14,0.0,13,0.0164031105360144,17
821,0,1,0.0,0,0.01632109498333433,4
822,2,9,0.2222222222222222,18,0.016239489508417658,52
823,1,7,0.14285714285714285,11,0.01615829206087557,35
824,2,8,0.25,17,0.01607750060057119,55
825,1,8,0.125,12,0.015997113097568336,36
826,2,14,0.14285714285714285,23,0.015917127532080494,62
827,2,5,0.4,14,0.01583754189442009,29
828,1,17,0.058823529411764705,21,0.01575835418494799,37
829,0,9,0.0,8,0.01567956241402325,12
830,0,14,0.0,13,0.015601164601953134,17
831,1,10,0.1,14,0.015523158778943369,38
832,1,6,0.16666666666666666,10,0.015445542985048652,34
833,0,8,0.0,7,0.015368315270123408,11
834,2,6,0.3333333333333333,15,0.01529147369377279,47
835,2,11,0.18181818181818182,20,0.015215016325303928,42
836,1,9,0.1111111111111111,13,0.015138941243677408,25
837,1,3,0.3333333333333333,7,0.01506324653745902,31
838,2,12,0.16666666666666666,21,0.014987930304771725,48
839,1,7,0.14285714285714285,11,0.014912990653247866,33
840,0,1,0.0,0,0.014838425699981627,4
841,0,8,0.0,7,0.01476423357148172,11
842,1,20,0.05,24,0.014690412403624311,48
843,1,11,0.09090909090909091,15,0.01461696034160619,32
844,2,10,0.2,19,0.014543875539898159,44
845,1,4,0.25,8,0.014471156162198668,18
846,1,6,0.16666666666666666,10,0.014398800381387675,24
847,2,10,0.2,19,0.014326806379480736,44
848,3,10,0.3,24,0.014255172347583332,40
849,2,10,0.2,19,0.014183896485845416,52
850,0,14,0.0,13,0.014112977003416188,17
851,0,14,0.0,13,0.014042412118399107,17
852,0,7,0.0,6,0.013972200057807112,10
853,2,9,0.2222222222222222,18,0.013902339057518077,34
854,0,14,0.0,13,0.013832827362230486,17
855,1,8,0.125,12,0.013763663225419333,36
856,0,14,0.0,13,0.013694844909292236,17
857,1,16,0.0625,20,0.013626370684745774,44
858,2,8,0.25,17,0.013558238831322046,61
859,1,7,0.14285714285714285,11,0.013490447637165436,31
860,1,10,0.1,14,0.013422995398979608,38
861,2,9,0.2222222222222222,18,0.01335588042198471,46
862,1,1,1.0,5,0.013289101019874787,9
863,1,5,0.2,9,0.013222655514775413,22
864,2,6,0.3333333333333333,15,0.013156542237201536,40
865,1,16,0.0625,20,0.013090759526015528,27
866,0,9,0.0,8,0.01302530572838545,12
867,1,6,0.16666666666666666,10,0.012960179199743523,34
868,1,6,0.16666666666666666,10,0.012895378303744804,19
869,0,5,0.0,4,0.01283090141222608,8
870,1,12,0.08333333333333333,16,0.012766746905164949,24
871,0,5,0.0,4,0.012702913170639124,8
872,0,7,0.0,6,0.012639398604785928,10
873,1,11,0.09090909090909091,15,0.012576201611761997,39
874,0,6,0.0,5,0.012513320603703188,9
875,2,11,0.18181818181818182,20,0.012450754000684672,64
876,1,5,0.2,9,0.012388500230681249,33
877,1,20,0.05,24,0.012326557729527843,48
878,0,10,0.0,9,0.012264924940880204,13
879,1,6,0.16666666666666666,10,0.012203600316175803,33
880,1,3,0.3333333333333333,7,0.012142582314594924,11
881,2,3,0.6666666666666666,12,0.01208186940302195,31
882,1,11,0.09090909090909091,15,0.01202146005600684,39
883,3,11,0.2727272727272727,25,0.011961352755726806,64
884,1,13,0.07692307692307693,17,0.01190154599194817,41
885,1,8,0.125,12,0.01184203826198843,36
886,3,6,0.5,20,0.011782828070678488,43
887,2,7,0.2857142857142857,16,0.011723913930325095,23
888,0,5,0.0,4,0.01166529436067347,8
889,1,2,0.5,6,0.011606967888870102,26
890,1,9,0.1111111111111111,13,0.01154893304942575,37
891,3,5,0.6,19,0.011491188384178622,35
892,0,11,0.0,10,0.011433732442257729,14
893,1,11,0.09090909090909091,15,0.01137656378004644,39
894,1,8,0.125,12,0.011319680961146208,36
895,1,4,0.25,8,0.011263082556340478,30
896,0,8,0.0,7,0.011206767143558775,11
897,1,10,0.1,14,0.011150733307840981,33
898,2,15,0.13333333333333333,24,0.011094979641301777,46
899,0,3,0.0,2,0.011039504743095268,6
900,3,12,0.25,26,0.01098430721937979,41
901,4,7,0.5714285714285714,26,0.010929385683282892,52
902,2,3,0.6666666666666666,12,0.010874738754866477,22
903,0,10,0.0,9,0.010820365061092144,13
904,1,8,0.125,12,0.010766263235786683,15
905,0,9,0.0,8,0.01071243191960775,12
906,0,8,0.0,7,0.010658869760009713,11
907,3,11,0.2727272727272727,25,0.010605575411209664,70
908,1,4,0.25,8,0.010552547534153616,32
909,1,1,1.0,5,0.010499784796482848,16
910,3,24,0.125,38,0.010447285872500434,80
911,0,18,0.0,17,0.01039504944313793,21
912,1,9,0.1111111111111111,13,0.010343074195922241,37
913,0,5,0.0,4,0.01029135882494263,8
914,0,17,0.0,16,0.010239902030817916,20
915,2,5,0.4,14,0.010188702520663827,27
916,0,8,0.0,7,0.010137759008060509,11
917,1,7,0.14285714285714285,11,0.010087070213020206,35
918,1,3,0.3333333333333333,7,0.010036634861955105,21
919,1,21,0.047619047619047616,25,0.01,49
920,1,8,0.125,12,0.01,36
921,2,4,0.5,13,0.01,39
922,1,5,0.2,9,0.01,28
923,1,4,0.25,8,0.01,32
924,1,7,0.14285714285714285,11,0.01,35
925,0,4,0.0,3,0.01,7
926,0,4,0.0,3,0.01,7
927,2,11,0.18181818181818182,20,0.01,52
928,0,15,0.0,14,0.01,18
929,3,8,0.375,22,0.01,62
930,0,7,0.0,6,0.01,10
931,0,9,0.0,8,0.01,12
932,4,5,0.8,24,0.01,57
933,0,10,0.0,9,0.01,13
934,0,22,0.0,21,0.01,25
935,2,11,0.18181818181818182,20,0.01,64
936,0,9,0.0,8,0.01,12
937,0,8,0.0,7,0.01,11
938,3,19,0.15789473684210525,33,0.01,78
939,2,10,0.2,19,0.01,36
940,0,12,0.0,11,0.01,15
941,2,11,0.18181818181818182,20,0.01,64
942,1,6,0.16666666666666666,10,0.01,34
943,0,7,0.0,6,0.01,10
944,1,7,0.14285714285714285,11,0.01,35
945,2,14,0.14285714285714285,23,0.01,25
946,2,9,0.2222222222222222,18,0.01,48
947,0,18,0.0,17,0.01,21
948,0,4,0.0,3,0.01,7
949,1,12,0.08333333333333333,16,0.01,17
950,0,14,0.0,13,0.01,17
951,1,13,0.07692307692307693,17,0.01,34
952,0,8,0.0,7,0.01,11
953,1,8,0.125,12,0.01,22
954,1,6,0.16666666666666666,10,0.01,34
955,1,3,0.3333333333333333,7,0.01,8
956,0,4,0.0,3,0.01,7
957,2,12,0.16666666666666666,21,0.01,40
958,2,26,0.07692307692307693,35,0.01,48
959,1,12,0.08333333333333333,16,0.01,40
960,0,3,0.0,2,0.01,6
961,2,1,2.0,10,0.01,15
962,2,13,0.15384615384615385,22,0.01,42
963,2,5,0.4,14,0.01,48
964,1,21,0.047619047619047616,25,0.01,32
965,3,9,0.3333333333333333,23,0.01,27
966,1,15,0.06666666666666667,19,0.01,43
967,2,7,0.2857142857142857,16,0.01,44
968,0,10,0.0,9,0.01,13
969,2,11,0.18181818181818182,20,0.01,37
970,1,12,0.08333333333333333,16,0.01,40
971,2,7,0.2857142857142857,16,0.01,41
972,1,5,0.2,9,0.01,27
973,0,8,0.0,7,0.01,11
974,1,6,0.16666666666666666,10,0.01,26
975,2,4,0.5,13,0.01,39
976,2,4,0.5,13,0.01,36
977,2,11,0.18181818181818182,20,0.01,24
978,0,11,0.0,10,0.01,14
979,2,4,0.5,13,0.01,23
980,0,6,0.0,5,0.01,9
981,1,11,0.09090909090909091,15,0.01,39
982,1,16,0.0625,20,0.01,44
983,1,4,0.25,8,0.01,26
984,3,4,0.75,18,0.01,50
985,0,3,0.0,2,0.01,6
986,2,15,0.13333333333333333,24,0.01,27
987,1,12,0.08333333333333333,16,0.01,33
988,0,2,0.0,1,0.01,5
989,0,23,0.0,22,0.01,26
990,1,9,0.1111111111111111,13,0.01,37
991,0,4,0.0,3,0.01,7
992,2,12,0.16666666666666666,21,0.01,45
993,1,6,0.16666666666666666,10,0.01,31
994,1,4,0.25,8,0.01,31
995,1,15,0.06666666666666667,19,0.01,34
996,1,13,0.07692307692307693,17,0.01,41
997,1,7,0.14285714285714285,11,0.01,11
998,1,10,0.1,14,0.01,38
999,1,13,0.07692307692307693,17,0.01,41
