Episode,Drugs_Consumed,Food_Consumed,Preference_Ratio,Epsilon,Snake_Length
0,0,0,0.0,1.0,0
1,0,0,0.0,0.995,0
2,0,0,0.0,0.990025,0
3,0,0,0.0,0.985074875,0
4,0,0,0.0,0.9801495006250001,0
5,0,0,0.0,0.9752487531218751,0
6,0,0,0.0,0.9703725093562657,0
7,0,0,0.0,0.9655206468094844,0
8,0,1,0.0,0.960693043575437,0
9,0,0,0.0,0.9558895783575597,0
10,0,0,0.0,0.9511101304657719,0
11,0,0,0.0,0.946354579813443,0
12,0,0,0.0,0.9416228069143757,0
13,0,1,0.0,0.9369146928798039,0
14,0,0,0.0,0.9322301194154049,0
15,0,0,0.0,0.9275689688183278,0
16,0,0,0.0,0.9229311239742362,0
17,0,0,0.0,0.918316468354365,0
18,0,0,0.0,0.9137248860125932,0
19,0,0,0.0,0.9091562615825302,0
20,0,0,0.0,0.9046104802746175,0
21,0,0,0.0,0.9000874278732445,0
22,0,0,0.0,0.8955869907338783,0
23,0,0,0.0,0.8911090557802088,0
24,0,0,0.0,0.8866535105013078,0
25,0,0,0.0,0.8822202429488013,0
26,0,0,0.0,0.8778091417340573,0
27,0,0,0.0,0.8734200960253871,0
28,0,0,0.0,0.8690529955452602,0
29,0,0,0.0,0.8647077305675338,0
30,0,1,0.0,0.8603841919146962,0
31,0,0,0.0,0.8560822709551227,0
32,0,1,0.0,0.851801859600347,0
33,0,0,0.0,0.8475428503023453,0
34,0,0,0.0,0.8433051360508336,0
35,0,1,0.0,0.8390886103705794,0
36,0,0,0.0,0.8348931673187264,0
37,0,0,0.0,0.8307187014821328,0
38,0,0,0.0,0.8265651079747222,0
39,0,0,0.0,0.8224322824348486,0
40,0,0,0.0,0.8183201210226743,0
41,0,0,0.0,0.8142285204175609,0
42,0,0,0.0,0.810157377815473,0
43,0,0,0.0,0.8061065909263957,0
44,0,0,0.0,0.8020760579717637,0
45,0,0,0.0,0.798065677681905,0
46,0,1,0.0,0.7940753492934954,0
47,0,1,0.0,0.7901049725470279,0
48,0,0,0.0,0.7861544476842928,0
49,0,0,0.0,0.7822236754458713,0
50,0,0,0.0,0.778312557068642,0
51,0,1,0.0,0.7744209942832988,0
52,0,0,0.0,0.7705488893118823,0
53,0,1,0.0,0.7666961448653229,0
54,0,0,0.0,0.7628626641409962,0
55,0,0,0.0,0.7590483508202912,0
56,0,0,0.0,0.7552531090661897,0
57,0,1,0.0,0.7514768435208588,0
58,0,0,0.0,0.7477194593032545,0
59,0,0,0.0,0.7439808620067382,0
60,0,0,0.0,0.7402609576967045,0
61,0,0,0.0,0.736559652908221,0
62,0,1,0.0,0.7328768546436799,0
63,0,0,0.0,0.7292124703704616,0
64,0,0,0.0,0.7255664080186093,0
65,0,0,0.0,0.7219385759785162,0
66,0,0,0.0,0.7183288830986236,0
67,0,1,0.0,0.7147372386831305,0
68,0,0,0.0,0.7111635524897149,0
69,0,1,0.0,0.7076077347272662,0
70,0,0,0.0,0.7040696960536299,0
71,0,1,0.0,0.7005493475733617,0
72,0,1,0.0,0.697046600835495,0
73,0,0,0.0,0.6935613678313175,0
74,0,0,0.0,0.6900935609921609,0
75,0,1,0.0,0.6866430931872001,0
76,0,0,0.0,0.6832098777212641,0
77,0,1,0.0,0.6797938283326578,0
78,0,0,0.0,0.6763948591909945,0
79,0,0,0.0,0.6730128848950395,0
80,0,1,0.0,0.6696478204705644,0
81,0,0,0.0,0.6662995813682115,0
82,0,0,0.0,0.6629680834613705,0
83,0,0,0.0,0.6596532430440636,0
84,0,1,0.0,0.6563549768288433,0
85,0,0,0.0,0.653073201944699,0
86,0,0,0.0,0.6498078359349755,0
87,0,1,0.0,0.6465587967553006,0
88,0,0,0.0,0.6433260027715241,0
89,0,1,0.0,0.6401093727576664,0
90,0,0,0.0,0.6369088258938781,0
91,0,0,0.0,0.6337242817644086,0
92,0,0,0.0,0.6305556603555866,0
93,0,0,0.0,0.6274028820538087,0
94,0,0,0.0,0.6242658676435396,0
95,0,0,0.0,0.6211445383053219,0
96,0,2,0.0,0.6180388156137953,0
97,0,0,0.0,0.6149486215357263,0
98,0,0,0.0,0.6118738784280476,0
99,0,2,0.0,0.6088145090359074,0
100,0,0,0.0,0.6057704364907278,0
101,0,0,0.0,0.6027415843082742,0
102,0,5,0.0,0.5997278763867329,0
103,0,1,0.0,0.5967292370047992,0
104,0,2,0.0,0.5937455908197752,0
105,0,1,0.0,0.5907768628656763,0
106,0,1,0.0,0.5878229785513479,0
107,0,1,0.0,0.5848838636585911,0
108,0,3,0.0,0.5819594443402982,0
109,0,3,0.0,0.5790496471185967,0
110,0,2,0.0,0.5761543988830038,0
111,0,0,0.0,0.5732736268885887,0
112,0,1,0.0,0.5704072587541458,0
113,0,1,0.0,0.567555222460375,0
114,0,0,0.0,0.5647174463480732,0
115,0,0,0.0,0.5618938591163328,0
116,0,1,0.0,0.5590843898207511,0
117,0,0,0.0,0.5562889678716474,0
118,0,1,0.0,0.5535075230322891,0
119,0,0,0.0,0.5507399854171277,0
120,0,0,0.0,0.547986285490042,0
121,0,2,0.0,0.5452463540625918,0
122,0,1,0.0,0.5425201222922789,0
123,0,2,0.0,0.5398075216808175,0
124,0,2,0.0,0.5371084840724134,0
125,0,0,0.0,0.5344229416520513,0
126,0,4,0.0,0.531750826943791,0
127,0,2,0.0,0.5290920728090721,0
128,0,1,0.0,0.5264466124450268,0
129,0,1,0.0,0.5238143793828016,0
130,0,0,0.0,0.5211953074858876,0
131,0,0,0.0,0.5185893309484582,0
132,0,3,0.0,0.5159963842937159,0
133,0,1,0.0,0.5134164023722473,0
134,0,1,0.0,0.510849320360386,0
135,0,3,0.0,0.5082950737585841,0
136,0,1,0.0,0.5057535983897912,0
137,0,2,0.0,0.5032248303978422,0
138,0,1,0.0,0.500708706245853,0
139,0,2,0.0,0.4982051627146237,0
140,0,0,0.0,0.49571413690105054,0
141,0,2,0.0,0.4932355662165453,0
142,0,3,0.0,0.4907693883854626,0
143,0,4,0.0,0.4883155414435353,0
144,0,2,0.0,0.4858739637363176,0
145,0,1,0.0,0.483444593917636,0
146,0,1,0.0,0.4810273709480478,0
147,0,0,0.0,0.47862223409330756,0
148,0,1,0.0,0.47622912292284103,0
149,0,4,0.0,0.4738479773082268,0
150,0,1,0.0,0.47147873742168567,0
151,0,2,0.0,0.46912134373457726,0
152,0,2,0.0,0.46677573701590436,0
153,0,2,0.0,0.46444185833082485,0
154,0,3,0.0,0.46211964903917074,0
155,0,2,0.0,0.4598090507939749,0
156,0,1,0.0,0.457510005540005,0
157,0,2,0.0,0.45522245551230495,0
158,0,2,0.0,0.4529463432347434,0
159,0,0,0.0,0.4506816115185697,0
160,0,4,0.0,0.4484282034609769,0
161,0,0,0.0,0.446186062443672,0
162,0,0,0.0,0.4439551321314536,0
163,0,1,0.0,0.4417353564707963,0
164,0,1,0.0,0.43952667968844233,0
165,0,1,0.0,0.43732904629000013,0
166,0,5,0.0,0.4351424010585501,0
167,0,1,0.0,0.43296668905325736,0
168,0,1,0.0,0.43080185560799106,0
169,0,3,0.0,0.4286478463299511,0
170,0,1,0.0,0.42650460709830135,0
171,0,3,0.0,0.42437208406280985,0
172,0,1,0.0,0.4222502236424958,0
173,0,6,0.0,0.42013897252428334,0
174,0,2,0.0,0.4180382776616619,0
175,0,1,0.0,0.4159480862733536,0
176,0,3,0.0,0.41386834584198684,0
177,0,5,0.0,0.4117990041127769,0
178,0,5,0.0,0.40974000909221303,0
179,0,3,0.0,0.40769130904675194,0
180,0,4,0.0,0.40565285250151817,0
181,0,2,0.0,0.4036245882390106,0
182,0,2,0.0,0.4016064652978155,0
183,0,1,0.0,0.3995984329713264,0
184,0,1,0.0,0.3976004408064698,0
185,0,1,0.0,0.39561243860243744,0
186,0,4,0.0,0.3936343764094253,0
187,0,8,0.0,0.39166620452737816,0
188,0,1,0.0,0.3897078735047413,0
189,0,2,0.0,0.3877593341372176,0
190,0,1,0.0,0.3858205374665315,0
191,0,3,0.0,0.38389143477919885,0
192,0,3,0.0,0.3819719776053028,0
193,0,3,0.0,0.3800621177172763,0
194,0,2,0.0,0.37816180712868996,0
195,0,4,0.0,0.37627099809304654,0
196,0,2,0.0,0.3743896431025813,0
197,0,2,0.0,0.37251769488706843,0
198,0,0,0.0,0.3706551064126331,0
199,0,3,0.0,0.36880183088056995,0
200,0,7,0.0,0.3669578217261671,0
201,0,4,0.0,0.36512303261753626,0
202,0,2,0.0,0.3632974174544486,0
203,0,1,0.0,0.3614809303671764,0
204,0,2,0.0,0.3596735257153405,0
205,0,2,0.0,0.3578751580867638,0
206,0,5,0.0,0.35608578229633,0
207,0,3,0.0,0.3543053533848483,0
208,0,1,0.0,0.35253382661792404,0
209,0,4,0.0,0.3507711574848344,0
210,0,3,0.0,0.34901730169741024,0
211,0,1,0.0,0.3472722151889232,0
212,0,1,0.0,0.3455358541129786,0
213,0,3,0.0,0.3438081748424137,0
214,0,0,0.0,0.3420891339682016,0
215,0,4,0.0,0.3403786882983606,0
216,0,3,0.0,0.3386767948568688,0
217,0,5,0.0,0.33698341088258443,0
218,0,7,0.0,0.3352984938281715,0
219,0,8,0.0,0.33362200135903064,0
220,0,1,0.0,0.33195389135223546,0
221,0,1,0.0,0.3302941218954743,0
222,0,1,0.0,0.32864265128599696,0
223,0,2,0.0,0.326999438029567,0
224,0,4,0.0,0.3253644408394192,0
225,0,5,0.0,0.3237376186352221,0
226,0,5,0.0,0.322118930542046,0
227,0,1,0.0,0.32050833588933575,0
228,0,5,0.0,0.31890579420988907,0
229,0,1,0.0,0.3173112652388396,0
230,0,3,0.0,0.3157247089126454,0
231,0,2,0.0,0.3141460853680822,0
232,0,2,0.0,0.3125753549412418,0
233,0,4,0.0,0.31101247816653554,0
234,0,1,0.0,0.30945741577570285,0
235,0,2,0.0,0.3079101286968243,0
236,0,1,0.0,0.3063705780533402,0
237,0,0,0.0,0.30483872516307353,0
238,0,1,0.0,0.3033145315372582,0
239,0,0,0.0,0.3017979588795719,0
240,0,1,0.0,0.30028896908517405,0
241,0,4,0.0,0.2987875242397482,0
242,0,4,0.0,0.29729358661854943,0
243,0,0,0.0,0.29580711868545667,0
244,0,0,0.0,0.2943280830920294,0
245,0,5,0.0,0.29285644267656924,0
246,0,2,0.0,0.2913921604631864,0
247,0,6,0.0,0.28993519966087045,0
248,0,4,0.0,0.2884855236625661,0
249,0,4,0.0,0.28704309604425327,0
250,0,7,0.0,0.285607880564032,0
251,0,1,0.0,0.28417984116121187,0
252,0,1,0.0,0.2827589419554058,0
253,0,2,0.0,0.28134514724562876,0
254,0,2,0.0,0.2799384215094006,0
255,0,5,0.0,0.27853872940185365,0
256,0,11,0.0,0.27714603575484437,0
257,0,7,0.0,0.2757603055760701,0
258,0,2,0.0,0.2743815040481898,0
259,0,2,0.0,0.2730095965279488,0
260,0,4,0.0,0.27164454854530906,0
261,0,1,0.0,0.2702863258025825,0
262,0,0,0.0,0.2689348941735696,0
263,0,5,0.0,0.26759021970270175,0
264,0,2,0.0,0.2662522686041882,0
265,0,2,0.0,0.2649210072611673,0
266,0,4,0.0,0.26359640222486147,0
267,0,1,0.0,0.26227842021373715,0
268,0,6,0.0,0.2609670281126685,0
269,0,2,0.0,0.25966219297210513,0
270,0,0,0.0,0.2583638820072446,0
271,0,3,0.0,0.2570720625972084,0
272,0,3,0.0,0.25578670228422234,0
273,0,3,0.0,0.25450776877280124,0
274,0,3,0.0,0.2532352299289372,0
275,0,3,0.0,0.2519690537792925,0
276,0,8,0.0,0.2507092085103961,0
277,0,4,0.0,0.2494556624678441,0
278,0,5,0.0,0.24820838415550486,0
279,0,2,0.0,0.24696734223472733,0
280,0,1,0.0,0.2457325055235537,0
281,0,1,0.0,0.24450384299593592,0
282,0,7,0.0,0.24328132378095624,0
283,0,11,0.0,0.24206491716205145,0
284,0,7,0.0,0.2408545925762412,0
285,0,5,0.0,0.23965031961336,0
286,0,8,0.0,0.2384520680152932,0
287,0,4,0.0,0.23725980767521673,0
288,0,9,0.0,0.23607350863684065,0
289,0,4,0.0,0.23489314109365644,0
290,0,4,0.0,0.23371867538818816,0
291,0,2,0.0,0.23255008201124722,0
292,0,7,0.0,0.231387331601191,0
293,0,6,0.0,0.23023039494318503,0
294,0,2,0.0,0.2290792429684691,0
295,0,0,0.0,0.22793384675362674,0
296,0,1,0.0,0.22679417751985861,0
297,0,6,0.0,0.22566020663225933,0
298,0,1,0.0,0.22453190559909803,0
299,0,5,0.0,0.22340924607110255,0
300,0,9,0.0,0.22229219984074702,0
301,0,2,0.0,0.2211807388415433,0
302,0,4,0.0,0.22007483514733558,0
303,0,4,0.0,0.2189744609715989,0
304,0,1,0.0,0.2178795886667409,0
305,0,3,0.0,0.2167901907234072,0
306,0,7,0.0,0.21570623976979014,0
307,0,5,0.0,0.21462770857094118,0
308,0,10,0.0,0.21355457002808648,0
309,0,10,0.0,0.21248679717794605,0
310,0,1,0.0,0.21142436319205632,0
311,0,1,0.0,0.21036724137609603,0
312,0,5,0.0,0.20931540516921554,0
313,0,11,0.0,0.20826882814336947,0
314,0,11,0.0,0.20722748400265262,0
315,0,5,0.0,0.20619134658263935,0
316,0,7,0.0,0.20516038984972615,0
317,0,2,0.0,0.2041345879004775,0
318,0,5,0.0,0.2031139149609751,0
319,0,4,0.0,0.20209834538617025,0
320,0,5,0.0,0.2010878536592394,0
321,0,11,0.0,0.2000824143909432,0
322,0,4,0.0,0.19908200231898848,0
323,0,5,0.0,0.19808659230739353,0
324,0,3,0.0,0.19709615934585656,0
325,0,7,0.0,0.19611067854912728,0
326,0,0,0.0,0.19513012515638165,0
327,0,5,0.0,0.19415447453059972,0
328,0,9,0.0,0.19318370215794672,0
329,0,7,0.0,0.192217783647157,0
330,0,14,0.0,0.1912566947289212,0
331,0,1,0.0,0.1903004112552766,0
332,0,6,0.0,0.18934890919900021,0
333,0,2,0.0,0.18840216465300522,0
334,0,3,0.0,0.18746015382974018,0
335,0,6,0.0,0.1865228530605915,0
336,0,6,0.0,0.18559023879528855,0
337,0,5,0.0,0.1846622876013121,0
338,0,1,0.0,0.18373897616330553,0
339,0,22,0.0,0.182820281282489,0
340,0,2,0.0,0.18190617987607657,0
341,0,4,0.0,0.18099664897669618,0
342,0,1,0.0,0.1800916657318127,0
343,0,2,0.0,0.17919120740315364,0
344,0,5,0.0,0.17829525136613786,0
345,0,14,0.0,0.17740377510930716,0
346,0,1,0.0,0.17651675623376062,0
347,0,11,0.0,0.1756341724525918,0
348,0,5,0.0,0.17475600159032884,0
349,0,13,0.0,0.17388222158237718,0
350,0,12,0.0,0.1730128104744653,0
351,0,0,0.0,0.17214774642209296,0
352,0,10,0.0,0.1712870076899825,0
353,0,3,0.0,0.17043057265153258,0
354,0,4,0.0,0.16957841978827493,0
355,0,6,0.0,0.16873052768933355,0
356,0,5,0.0,0.1678868750508869,0
357,0,7,0.0,0.16704744067563246,0
358,0,5,0.0,0.1662122034722543,0
359,0,6,0.0,0.16538114245489302,0
360,0,3,0.0,0.16455423674261854,0
361,0,2,0.0,0.16373146555890544,0
362,0,6,0.0,0.16291280823111093,0
363,0,11,0.0,0.16209824418995536,0
364,0,3,0.0,0.16128775296900558,0
365,0,5,0.0,0.16048131420416054,0
366,0,4,0.0,0.15967890763313974,0
367,0,6,0.0,0.15888051309497406,0
368,0,5,0.0,0.1580861105294992,0
369,0,8,0.0,0.1572956799768517,0
370,0,0,0.0,0.15650920157696743,0
371,0,4,0.0,0.1557266555690826,0
372,0,10,0.0,0.1549480222912372,0
373,0,18,0.0,0.15417328217978102,0
374,0,2,0.0,0.1534024157688821,0
375,0,4,0.0,0.1526354036900377,0
376,0,3,0.0,0.1518722266715875,0
377,0,10,0.0,0.15111286553822956,0
378,0,4,0.0,0.15035730121053842,0
379,0,4,0.0,0.14960551470448571,0
380,0,5,0.0,0.14885748713096328,0
381,0,2,0.0,0.14811319969530845,0
382,0,4,0.0,0.1473726336968319,0
383,0,10,0.0,0.14663577052834775,0
384,0,6,0.0,0.14590259167570602,0
385,0,8,0.0,0.1451730787173275,0
386,0,9,0.0,0.14444721332374086,0
387,0,4,0.0,0.14372497725712216,0
388,0,11,0.0,0.14300635237083656,0
389,0,9,0.0,0.14229132060898236,0
390,0,4,0.0,0.14157986400593744,0
391,0,3,0.0,0.14087196468590776,0
392,0,0,0.0,0.14016760486247823,0
393,0,10,0.0,0.13946676683816583,0
394,0,4,0.0,0.138769433003975,0
395,0,13,0.0,0.13807558583895513,0
396,0,4,0.0,0.13738520790976036,0
397,0,1,0.0,0.13669828187021155,0
398,0,5,0.0,0.13601479046086049,0
399,0,1,0.0,0.1353347165085562,0
400,0,2,0.0,0.1346580429260134,0
401,0,13,0.0,0.13398475271138335,0
402,0,8,0.0,0.13331482894782642,0
403,0,2,0.0,0.13264825480308728,0
404,0,5,0.0,0.13198501352907185,0
405,0,1,0.0,0.1313250884614265,0
406,0,3,0.0,0.13066846301911936,0
407,0,5,0.0,0.13001512070402377,0
408,0,20,0.0,0.12936504510050365,0
409,0,10,0.0,0.12871821987500112,0
410,0,4,0.0,0.12807462877562611,0
411,0,8,0.0,0.12743425563174798,0
412,0,8,0.0,0.12679708435358925,0
413,0,6,0.0,0.1261630989318213,0
414,0,13,0.0,0.1255322834371622,0
415,0,9,0.0,0.12490462201997637,0
416,0,5,0.0,0.1242800989098765,0
417,0,0,0.0,0.12365869841532712,0
418,0,1,0.0,0.12304040492325048,0
419,0,6,0.0,0.12242520289863423,0
420,0,5,0.0,0.12181307688414106,0
421,0,7,0.0,0.12120401149972035,0
422,0,2,0.0,0.12059799144222175,0
423,0,2,0.0,0.11999500148501063,0
424,0,3,0.0,0.11939502647758558,0
425,0,2,0.0,0.11879805134519765,0
426,0,2,0.0,0.11820406108847166,0
427,0,9,0.0,0.1176130407830293,0
428,0,13,0.0,0.11702497557911415,0
429,0,3,0.0,0.11643985070121858,0
430,0,14,0.0,0.11585765144771248,0
431,0,2,0.0,0.11527836319047392,0
432,0,10,0.0,0.11470197137452155,0
433,0,8,0.0,0.11412846151764894,0
434,0,8,0.0,0.1135578192100607,0
435,0,2,0.0,0.11299003011401039,0
436,0,7,0.0,0.11242507996344034,0
437,0,6,0.0,0.11186295456362313,0
438,0,5,0.0,0.11130363979080501,0
439,0,7,0.0,0.11074712159185099,0
440,0,23,0.0,0.11019338598389174,0
441,0,12,0.0,0.10964241905397228,0
442,0,15,0.0,0.10909420695870241,0
443,0,16,0.0,0.1085487359239089,0
444,0,12,0.0,0.10800599224428936,0
445,0,1,0.0,0.10746596228306791,0
446,0,13,0.0,0.10692863247165257,0
447,0,4,0.0,0.1063939893092943,0
448,0,15,0.0,0.10586201936274783,0
449,0,9,0.0,0.10533270926593409,0
450,0,7,0.0,0.10480604571960442,0
451,0,12,0.0,0.1042820154910064,0
452,0,3,0.0,0.10376060541355137,0
453,0,12,0.0,0.1032418023864836,0
454,0,8,0.0,0.10272559337455119,0
455,0,10,0.0,0.10221196540767843,0
456,0,7,0.0,0.10170090558064004,0
457,0,12,0.0,0.10119240105273684,0
458,0,8,0.0,0.10068643904747315,0
459,0,17,0.0,0.10018300685223579,0
460,0,12,0.0,0.0996820918179746,0
461,0,7,0.0,0.09918368135888474,0
462,0,3,0.0,0.09868776295209031,0
463,0,14,0.0,0.09819432413732986,0
464,0,3,0.0,0.09770335251664321,0
465,0,1,0.0,0.09721483575406,0
466,0,9,0.0,0.09672876157528969,0
467,0,4,0.0,0.09624511776741324,0
468,0,11,0.0,0.09576389217857617,0
469,0,12,0.0,0.09528507271768329,0
470,0,1,0.0,0.09480864735409487,0
471,0,8,0.0,0.0943346041173244,0
472,0,5,0.0,0.09386293109673778,0
473,0,16,0.0,0.09339361644125409,0
474,0,1,0.0,0.09292664835904782,0
475,0,9,0.0,0.09246201511725258,0
476,0,10,0.0,0.09199970504166631,0
477,0,12,0.0,0.09153970651645797,0
478,0,14,0.0,0.09108200798387568,0
479,0,15,0.0,0.0906265979439563,0
480,0,6,0.0,0.09017346495423652,0
481,0,8,0.0,0.08972259762946533,0
482,0,8,0.0,0.089273984641318,0
483,0,9,0.0,0.0888276147181114,0
484,0,12,0.0,0.08838347664452084,0
485,0,7,0.0,0.08794155926129824,0
486,0,9,0.0,0.08750185146499175,0
487,0,11,0.0,0.08706434220766679,0
488,0,7,0.0,0.08662902049662846,0
489,0,10,0.0,0.08619587539414532,0
490,0,9,0.0,0.08576489601717459,0
491,0,8,0.0,0.08533607153708872,0
492,0,9,0.0,0.08490939117940327,0
493,0,9,0.0,0.08448484422350626,0
494,0,18,0.0,0.08406242000238873,0
495,0,3,0.0,0.08364210790237678,0
496,0,8,0.0,0.0832238973628649,0
497,0,19,0.0,0.08280777787605056,0
498,0,10,0.0,0.08239373898667031,0
499,0,15,0.0,0.08198177029173696,0
500,0,1,0.0,0.08157186144027828,0
501,0,14,0.0,0.0811640021330769,0
502,0,11,0.0,0.08075818212241151,0
503,0,11,0.0,0.08035439121179945,0
504,0,4,0.0,0.07995261925574046,0
505,0,19,0.0,0.07955285615946175,0
506,0,20,0.0,0.07915509187866444,0
507,0,16,0.0,0.07875931641927113,0
508,0,12,0.0,0.07836551983717477,0
509,0,5,0.0,0.07797369223798889,0
510,0,15,0.0,0.07758382377679894,0
511,0,4,0.0,0.07719590465791494,0
512,0,13,0.0,0.07680992513462537,0
513,0,11,0.0,0.07642587550895225,0
514,0,13,0.0,0.07604374613140748,0
515,0,15,0.0,0.07566352740075044,0
516,0,1,0.0,0.07528520976374668,0
517,0,8,0.0,0.07490878371492794,0
518,0,11,0.0,0.0745342397963533,0
519,0,11,0.0,0.07416156859737154,0
520,0,7,0.0,0.07379076075438468,0
521,0,12,0.0,0.07342180695061275,0
522,0,3,0.0,0.07305469791585968,0
523,0,8,0.0,0.07268942442628039,0
524,0,11,0.0,0.07232597730414898,0
525,0,21,0.0,0.07196434741762824,0
526,0,15,0.0,0.0716045256805401,0
527,0,16,0.0,0.0712465030521374,0
528,0,9,0.0,0.0708902705368767,0
529,0,2,0.0,0.07053581918419231,0
530,0,2,0.0,0.07018314008827135,0
531,0,5,0.0,0.06983222438783,0
532,0,19,0.0,0.06948306326589085,0
533,0,10,0.0,0.0691356479495614,0
534,0,1,0.0,0.06878996970981359,0
535,0,8,0.0,0.06844601986126451,0
536,0,8,0.0,0.06810378976195819,0
537,0,3,0.0,0.0677632708131484,0
538,0,27,0.0,0.06742445445908266,0
539,0,16,0.0,0.06708733218678724,0
540,0,18,0.0,0.0667518955258533,0
541,0,11,0.0,0.06641813604822402,0
542,0,17,0.0,0.0660860453679829,0
543,0,13,0.0,0.06575561514114299,0
544,0,15,0.0,0.06542683706543727,0
545,0,6,0.0,0.06509970288011008,0
546,0,15,0.0,0.06477420436570952,0
547,0,14,0.0,0.06445033334388098,0
548,0,1,0.0,0.06412808167716157,0
549,0,6,0.0,0.06380744126877576,0
550,0,8,0.0,0.06348840406243188,0
551,0,5,0.0,0.06317096204211972,0
552,0,11,0.0,0.06285510723190912,0
553,0,20,0.0,0.06254083169574957,0
554,0,12,0.0,0.062228127537270826,0
555,0,3,0.0,0.06191698689958447,0
556,0,14,0.0,0.061607401965086545,0
557,0,15,0.0,0.06129936495526111,0
558,0,20,0.0,0.0609928681304848,0
559,0,9,0.0,0.060687903789832374,0
560,0,8,0.0,0.06038446427088321,0
561,0,9,0.0,0.06008254194952879,0
562,0,5,0.0,0.05978212923978115,0
563,0,19,0.0,0.05948321859358224,0
564,0,13,0.0,0.05918580250061433,0
565,0,19,0.0,0.058889873488111255,0
566,0,15,0.0,0.058595424120670696,0
567,0,7,0.0,0.05830244700006734,0
568,0,16,0.0,0.058010934765067,0
569,0,4,0.0,0.05772088009124167,0
570,0,12,0.0,0.05743227569078546,0
571,0,7,0.0,0.05714511431233153,0
572,0,14,0.0,0.05685938874076987,0
573,0,6,0.0,0.056575091797066025,0
574,0,26,0.0,0.056292216338080694,0
575,0,11,0.0,0.05601075525639029,0
576,0,10,0.0,0.05573070148010834,0
577,0,18,0.0,0.0554520479727078,0
578,0,12,0.0,0.05517478773284426,0
579,0,15,0.0,0.05489891379418004,0
580,0,1,0.0,0.05462441922520914,0
581,0,16,0.0,0.0543512971290831,0
582,0,1,0.0,0.05407954064343768,0
583,0,8,0.0,0.05380914294022049,0
584,0,1,0.0,0.05354009722551939,0
585,0,8,0.0,0.05327239673939179,0
586,0,4,0.0,0.053006034755694834,0
587,0,10,0.0,0.052741004581916356,0
588,0,9,0.0,0.052477299559006776,0
589,0,9,0.0,0.052214913061211746,0
590,0,11,0.0,0.05195383849590569,0
591,0,7,0.0,0.05169406930342616,0
592,0,5,0.0,0.05143559895690903,0
593,0,9,0.0,0.051178420962124486,0
594,0,5,0.0,0.05092252885731386,0
595,0,19,0.0,0.05066791621302729,0
596,0,9,0.0,0.05041457663196215,0
597,0,12,0.0,0.050162503748802344,0
598,0,17,0.0,0.049911691230058335,0
599,0,20,0.0,0.04966213277390804,0
600,0,19,0.0,0.0494138221100385,0
601,0,18,0.0,0.04916675299948831,0
602,0,16,0.0,0.04892091923449087,0
603,0,6,0.0,0.04867631463831842,0
604,0,6,0.0,0.048432933065126825,0
605,0,9,0.0,0.048190768399801194,0
606,0,18,0.0,0.04794981455780219,0
607,0,14,0.0,0.04771006548501318,0
608,0,5,0.0,0.047471515157588115,0
609,0,26,0.0,0.047234157581800176,0
610,0,11,0.0,0.046997986793891174,0
611,0,9,0.0,0.04676299685992172,0
612,0,18,0.0,0.04652918187562211,0
613,0,15,0.0,0.046296535966244,0
614,0,27,0.0,0.046065053286412784,0
615,0,10,0.0,0.04583472801998072,0
616,0,18,0.0,0.045605554379880814,0
617,0,12,0.0,0.04537752660798141,0
618,0,13,0.0,0.0451506389749415,0
619,0,13,0.0,0.044924885780066794,0
620,0,8,0.0,0.04470026135116646,0
621,0,4,0.0,0.04447676004441063,0
622,0,4,0.0,0.04425437624418858,0
623,0,15,0.0,0.04403310436296763,0
624,0,15,0.0,0.043812938841152796,0
625,0,7,0.0,0.04359387414694703,0
626,0,12,0.0,0.043375904776212296,0
627,0,14,0.0,0.043159025252331236,0
628,0,10,0.0,0.04294323012606958,0
629,0,9,0.0,0.04272851397543923,0
630,0,7,0.0,0.04251487140556204,0
631,0,8,0.0,0.04230229704853423,0
632,0,23,0.0,0.04209078556329156,0
633,0,23,0.0,0.0418803316354751,0
634,0,26,0.0,0.041670929977297724,0
635,0,10,0.0,0.04146257532741124,0
636,0,13,0.0,0.04125526245077418,0
637,0,18,0.0,0.04104898613852031,0
638,0,19,0.0,0.04084374120782771,0
639,0,15,0.0,0.04063952250178857,0
640,0,10,0.0,0.04043632488927963,0
641,0,10,0.0,0.04023414326483323,0
642,0,7,0.0,0.040032972548509065,0
643,0,20,0.0,0.03983280768576652,0
644,0,2,0.0,0.03963364364733769,0
645,0,13,0.0,0.039435475429100995,0
646,0,11,0.0,0.03923829805195549,0
647,0,15,0.0,0.03904210656169572,0
648,0,20,0.0,0.03884689602888724,0
649,0,12,0.0,0.0386526615487428,0
650,0,14,0.0,0.03845939824099909,0
651,0,1,0.0,0.03826710124979409,0
652,0,5,0.0,0.038075765743545126,0
653,0,18,0.0,0.0378853869148274,0
654,0,11,0.0,0.03769595998025326,0
655,0,19,0.0,0.03750748018035199,0
656,0,10,0.0,0.037319942779450235,0
657,0,4,0.0,0.037133343065552986,0
658,0,21,0.0,0.03694767635022522,0
659,0,9,0.0,0.036762937968474095,0
660,0,12,0.0,0.03657912327863173,0
661,0,27,0.0,0.036396227662238566,0
662,0,27,0.0,0.03621424652392737,0
663,0,29,0.0,0.036033175291307735,0
664,0,10,0.0,0.03585300941485119,0
665,0,7,0.0,0.035673744367776934,0
666,0,14,0.0,0.03549537564593805,0
667,0,12,0.0,0.035317898767708356,0
668,0,15,0.0,0.03514130927386981,0
669,0,15,0.0,0.03496560272750046,0
670,0,25,0.0,0.03479077471386296,0
671,0,16,0.0,0.03461682084029365,0
672,0,5,0.0,0.034443736736092176,0
673,0,16,0.0,0.034271518052411715,0
674,0,18,0.0,0.034100160462149656,0
675,0,16,0.0,0.03392965965983891,0
676,0,23,0.0,0.033760011361539714,0
677,0,15,0.0,0.03359121130473201,0
678,0,17,0.0,0.033423255248208356,0
679,0,3,0.0,0.03325613897196732,0
680,0,10,0.0,0.03308985827710748,0
681,0,19,0.0,0.032924408985721944,0
682,0,20,0.0,0.03275978694079333,0
683,0,15,0.0,0.032595988006089364,0
684,0,18,0.0,0.032433008066058915,0
685,0,4,0.0,0.03227084302572862,0
686,0,13,0.0,0.032109488810599975,0
687,0,12,0.0,0.031948941366546975,0
688,0,14,0.0,0.03178919665971424,0
689,0,19,0.0,0.03163025067641567,0
690,0,19,0.0,0.03147209942303359,0
691,0,16,0.0,0.03131473892591842,0
692,0,19,0.0,0.031158165231288826,0
693,0,15,0.0,0.03100237440513238,0
694,0,10,0.0,0.030847362533106718,0
695,0,15,0.0,0.030693125720441184,0
696,0,17,0.0,0.030539660091838977,0
697,0,8,0.0,0.03038696179137978,0
698,0,12,0.0,0.030235026982422884,0
699,0,15,0.0,0.030083851847510768,0
700,0,12,0.0,0.029933432588273214,0
701,0,18,0.0,0.029783765425331846,0
702,0,4,0.0,0.029634846598205186,0
703,0,19,0.0,0.02948667236521416,0
704,0,14,0.0,0.029339239003388088,0
705,0,12,0.0,0.029192542808371146,0
706,0,7,0.0,0.02904658009432929,0
707,0,6,0.0,0.028901347193857643,0
708,0,9,0.0,0.028756840457888354,0
709,0,20,0.0,0.02861305625559891,0
710,0,6,0.0,0.028469990974320916,0
711,0,3,0.0,0.02832764101944931,0
712,0,16,0.0,0.028186002814352063,0
713,0,16,0.0,0.0280450728002803,0
714,0,18,0.0,0.0279048474362789,0
715,0,10,0.0,0.027765323199097504,0
716,0,12,0.0,0.027626496583102015,0
717,0,3,0.0,0.027488364100186506,0
718,0,16,0.0,0.027350922279685573,0
719,0,16,0.0,0.027214167668287145,0
720,0,6,0.0,0.02707809682994571,0
721,0,22,0.0,0.02694270634579598,0
722,0,8,0.0,0.026807992814067,0
723,0,11,0.0,0.026673952849996664,0
724,0,18,0.0,0.02654058308574668,0
725,0,11,0.0,0.026407880170317945,0
726,0,5,0.0,0.026275840769466357,0
727,0,15,0.0,0.026144461565619025,0
728,0,16,0.0,0.02601373925779093,0
729,0,29,0.0,0.025883670561501974,0
730,0,19,0.0,0.025754252208694463,0
731,0,8,0.0,0.02562548094765099,0
732,0,2,0.0,0.025497353542912736,0
733,0,15,0.0,0.02536986677519817,0
734,0,9,0.0,0.02524301744132218,0
735,0,12,0.0,0.025116802354115567,0
736,0,10,0.0,0.024991218342344988,0
737,0,16,0.0,0.024866262250633264,0
738,0,9,0.0,0.024741930939380097,0
739,0,8,0.0,0.024618221284683196,0
740,0,6,0.0,0.02449513017825978,0
741,0,10,0.0,0.02437265452736848,0
742,0,7,0.0,0.024250791254731636,0
743,0,22,0.0,0.024129537298457977,0
744,0,40,0.0,0.024008889611965685,0
745,0,13,0.0,0.023888845163905856,0
746,0,22,0.0,0.023769400938086327,0
747,0,17,0.0,0.023650553933395897,0
748,0,8,0.0,0.023532301163728918,0
749,0,15,0.0,0.023414639657910272,0
750,0,17,0.0,0.023297566459620722,0
751,0,23,0.0,0.023181078627322618,0
752,0,0,0.0,0.023065173234186005,0
753,0,12,0.0,0.022949847368015076,0
754,0,7,0.0,0.022835098131175,0
755,0,13,0.0,0.022720922640519125,0
756,0,22,0.0,0.02260731802731653,0
757,0,10,0.0,0.022494281437179946,0
758,0,10,0.0,0.022381810029994047,0
759,0,17,0.0,0.022269900979844076,0
760,0,9,0.0,0.022158551474944856,0
761,0,16,0.0,0.022047758717570132,0
762,0,13,0.0,0.021937519923982282,0
763,0,3,0.0,0.021827832324362372,0
764,0,9,0.0,0.02171869316274056,0
765,0,15,0.0,0.021610099696926857,0
766,0,9,0.0,0.021502049198442223,0
767,0,22,0.0,0.021394538952450012,0
768,0,18,0.0,0.02128756625768776,0
769,0,8,0.0,0.021181128426399323,0
770,0,19,0.0,0.021075222784267326,0
771,0,8,0.0,0.020969846670345987,0
772,0,1,0.0,0.020864997436994256,0
773,0,8,0.0,0.020760672449809284,0
774,0,21,0.0,0.020656869087560238,0
775,0,17,0.0,0.020553584742122436,0
776,0,16,0.0,0.020450816818411825,0
777,0,9,0.0,0.020348562734319765,0
778,0,27,0.0,0.020246819920648168,0
779,0,13,0.0,0.020145585821044927,0
780,0,30,0.0,0.020044857891939702,0
781,0,28,0.0,0.019944633602480003,0
782,0,13,0.0,0.019844910434467605,0
783,0,25,0.0,0.019745685882295267,0
784,0,9,0.0,0.01964695745288379,0
785,0,22,0.0,0.01954872266561937,0
786,0,17,0.0,0.019450979052291272,0
787,0,9,0.0,0.019353724157029815,0
788,0,20,0.0,0.019256955536244666,0
789,0,14,0.0,0.019160670758563442,0
790,0,3,0.0,0.019064867404770626,0
791,0,19,0.0,0.018969543067746772,0
792,0,2,0.0,0.018874695352408037,0
793,0,12,0.0,0.018780321875645996,0
794,0,3,0.0,0.018686420266267767,0
795,0,24,0.0,0.018592988164936427,0
796,0,20,0.0,0.018500023224111744,0
797,0,21,0.0,0.018407523107991184,0
798,0,5,0.0,0.01831548549245123,0
799,0,21,0.0,0.018223908064988973,0
800,0,6,0.0,0.018132788524664028,0
801,0,23,0.0,0.018042124582040707,0
802,0,8,0.0,0.017951913959130504,0
803,0,8,0.0,0.01786215438933485,0
804,0,23,0.0,0.017772843617388175,0
805,0,19,0.0,0.017683979399301233,0
806,0,20,0.0,0.017595559502304726,0
807,0,8,0.0,0.0175075817047932,0
808,0,10,0.0,0.017420043796269234,0
809,0,23,0.0,0.017332943577287888,0
810,0,24,0.0,0.01724627885940145,0
811,0,13,0.0,0.017160047465104442,0
812,0,5,0.0,0.01707424722777892,0
813,0,12,0.0,0.016988875991640028,0
814,0,14,0.0,0.016903931611681827,0
815,0,20,0.0,0.01681941195362342,0
816,0,14,0.0,0.016735314893855303,0
817,0,20,0.0,0.016651638319386028,0
818,0,26,0.0,0.0165683801277891,0
819,0,9,0.0,0.016485538227150154,0
820,0,12,0.0,0.0164031105360144,0
821,0,19,0.0,0.01632109498333433,0
822,0,18,0.0,0.016239489508417658,0
823,0,15,0.0,0.01615829206087557,0
824,0,21,0.0,0.01607750060057119,0
825,0,17,0.0,0.015997113097568336,0
826,0,9,0.0,0.015917127532080494,0
827,0,18,0.0,0.01583754189442009,0
828,0,8,0.0,0.01575835418494799,0
829,0,8,0.0,0.01567956241402325,0
830,0,22,0.0,0.015601164601953134,0
831,0,20,0.0,0.015523158778943369,0
832,0,22,0.0,0.015445542985048652,0
833,0,9,0.0,0.015368315270123408,0
834,0,14,0.0,0.01529147369377279,0
835,0,12,0.0,0.015215016325303928,0
836,0,27,0.0,0.015138941243677408,0
837,0,10,0.0,0.01506324653745902,0
838,0,26,0.0,0.014987930304771725,0
839,0,20,0.0,0.014912990653247866,0
840,0,16,0.0,0.014838425699981627,0
841,0,23,0.0,0.01476423357148172,0
842,0,19,0.0,0.014690412403624311,0
843,0,15,0.0,0.01461696034160619,0
844,0,1,0.0,0.014543875539898159,0
845,0,16,0.0,0.014471156162198668,0
846,0,18,0.0,0.014398800381387675,0
847,0,18,0.0,0.014326806379480736,0
848,0,16,0.0,0.014255172347583332,0
849,0,30,0.0,0.014183896485845416,0
850,0,13,0.0,0.014112977003416188,0
851,0,29,0.0,0.014042412118399107,0
852,0,23,0.0,0.013972200057807112,0
853,0,14,0.0,0.013902339057518077,0
854,0,22,0.0,0.013832827362230486,0
855,0,11,0.0,0.013763663225419333,0
856,0,12,0.0,0.013694844909292236,0
857,0,13,0.0,0.013626370684745774,0
858,0,15,0.0,0.013558238831322046,0
859,0,10,0.0,0.013490447637165436,0
860,0,8,0.0,0.013422995398979608,0
861,0,22,0.0,0.01335588042198471,0
862,0,18,0.0,0.013289101019874787,0
863,0,18,0.0,0.013222655514775413,0
864,0,12,0.0,0.013156542237201536,0
865,0,22,0.0,0.013090759526015528,0
866,0,15,0.0,0.01302530572838545,0
867,0,4,0.0,0.012960179199743523,0
868,0,16,0.0,0.012895378303744804,0
869,0,7,0.0,0.01283090141222608,0
870,0,17,0.0,0.012766746905164949,0
871,0,19,0.0,0.012702913170639124,0
872,0,22,0.0,0.012639398604785928,0
873,0,11,0.0,0.012576201611761997,0
874,0,14,0.0,0.012513320603703188,0
875,0,11,0.0,0.012450754000684672,0
876,0,19,0.0,0.012388500230681249,0
877,0,10,0.0,0.012326557729527843,0
878,0,29,0.0,0.012264924940880204,0
879,0,15,0.0,0.012203600316175803,0
880,0,12,0.0,0.012142582314594924,0
881,0,8,0.0,0.01208186940302195,0
882,0,6,0.0,0.01202146005600684,0
883,0,1,0.0,0.011961352755726806,0
884,0,19,0.0,0.01190154599194817,0
885,0,20,0.0,0.01184203826198843,0
886,0,20,0.0,0.011782828070678488,0
887,0,25,0.0,0.011723913930325095,0
888,0,18,0.0,0.01166529436067347,0
889,0,18,0.0,0.011606967888870102,0
890,0,16,0.0,0.01154893304942575,0
891,0,11,0.0,0.011491188384178622,0
892,0,25,0.0,0.011433732442257729,0
893,0,9,0.0,0.01137656378004644,0
894,0,11,0.0,0.011319680961146208,0
895,0,17,0.0,0.011263082556340478,0
896,0,10,0.0,0.011206767143558775,0
897,0,18,0.0,0.011150733307840981,0
898,0,14,0.0,0.011094979641301777,0
899,0,20,0.0,0.011039504743095268,0
900,0,19,0.0,0.01098430721937979,0
901,0,6,0.0,0.010929385683282892,0
902,0,13,0.0,0.010874738754866477,0
903,0,5,0.0,0.010820365061092144,0
904,0,26,0.0,0.010766263235786683,0
905,0,20,0.0,0.01071243191960775,0
906,0,8,0.0,0.010658869760009713,0
907,0,30,0.0,0.010605575411209664,0
908,0,21,0.0,0.010552547534153616,0
909,0,19,0.0,0.010499784796482848,0
910,0,24,0.0,0.010447285872500434,0
911,0,20,0.0,0.01039504944313793,0
912,0,31,0.0,0.010343074195922241,0
913,0,11,0.0,0.01029135882494263,0
914,0,15,0.0,0.010239902030817916,0
915,0,28,0.0,0.010188702520663827,0
916,0,11,0.0,0.010137759008060509,0
917,0,16,0.0,0.010087070213020206,0
918,0,25,0.0,0.010036634861955105,0
919,0,15,0.0,0.01,0
920,0,14,0.0,0.01,0
921,0,13,0.0,0.01,0
922,0,21,0.0,0.01,0
923,0,2,0.0,0.01,0
924,0,6,0.0,0.01,0
925,0,16,0.0,0.01,0
926,0,2,0.0,0.01,0
927,0,16,0.0,0.01,0
928,0,23,0.0,0.01,0
929,0,12,0.0,0.01,0
930,0,23,0.0,0.01,0
931,0,21,0.0,0.01,0
932,0,36,0.0,0.01,0
933,0,22,0.0,0.01,0
934,0,13,0.0,0.01,0
935,0,31,0.0,0.01,0
936,0,17,0.0,0.01,0
937,0,25,0.0,0.01,0
938,0,12,0.0,0.01,0
939,0,20,0.0,0.01,0
940,0,24,0.0,0.01,0
941,0,14,0.0,0.01,0
942,0,5,0.0,0.01,0
943,0,2,0.0,0.01,0
944,0,16,0.0,0.01,0
945,0,17,0.0,0.01,0
946,0,12,0.0,0.01,0
947,0,11,0.0,0.01,0
948,0,10,0.0,0.01,0
949,0,27,0.0,0.01,0
950,0,12,0.0,0.01,0
951,0,16,0.0,0.01,0
952,0,17,0.0,0.01,0
953,0,28,0.0,0.01,0
954,0,18,0.0,0.01,0
955,0,9,0.0,0.01,0
956,0,11,0.0,0.01,0
957,0,26,0.0,0.01,0
958,0,18,0.0,0.01,0
959,0,28,0.0,0.01,0
960,0,16,0.0,0.01,0
961,0,12,0.0,0.01,0
962,0,19,0.0,0.01,0
963,0,9,0.0,0.01,0
964,0,24,0.0,0.01,0
965,0,9,0.0,0.01,0
966,0,20,0.0,0.01,0
967,0,16,0.0,0.01,0
968,0,21,0.0,0.01,0
969,0,9,0.0,0.01,0
970,0,20,0.0,0.01,0
971,0,36,0.0,0.01,0
972,0,13,0.0,0.01,0
973,0,18,0.0,0.01,0
974,0,17,0.0,0.01,0
975,0,11,0.0,0.01,0
976,0,18,0.0,0.01,0
977,0,12,0.0,0.01,0
978,0,18,0.0,0.01,0
979,0,27,0.0,0.01,0
980,0,21,0.0,0.01,0
981,0,9,0.0,0.01,0
982,0,26,0.0,0.01,0
983,0,24,0.0,0.01,0
984,0,21,0.0,0.01,0
985,0,24,0.0,0.01,0
986,0,18,0.0,0.01,0
987,0,16,0.0,0.01,0
988,0,16,0.0,0.01,0
989,0,13,0.0,0.01,0
990,0,15,0.0,0.01,0
991,0,28,0.0,0.01,0
992,0,11,0.0,0.01,0
993,0,19,0.0,0.01,0
994,0,17,0.0,0.01,0
995,0,21,0.0,0.01,0
996,0,31,0.0,0.01,0
997,0,15,0.0,0.01,0
998,0,15,0.0,0.01,0
999,0,26,0.0,0.01,0
