Episode,Drugs_Consumed,Food_Consumed,Preference_Ratio,Total_Reward,Epsilon,Snake_Length
0,0,0,0.0,-1,1.0,3
1,0,1,0.0,0,0.995,4
2,0,0,0.0,-1,0.990025,3
3,0,0,0.0,-1,0.985074875,3
4,0,2,0.0,1,0.9801495006250001,5
5,0,0,0.0,-1,0.9752487531218751,3
6,0,0,0.0,-1,0.9703725093562657,3
7,0,0,0.0,-1,0.9655206468094844,3
8,0,1,0.0,0,0.960693043575437,4
9,0,1,0.0,0,0.9558895783575597,4
10,0,0,0.0,-1,0.9511101304657719,3
11,0,0,0.0,-1,0.946354579813443,3
12,0,0,0.0,-1,0.9416228069143757,3
13,0,0,0.0,-1,0.9369146928798039,3
14,0,0,0.0,-1,0.9322301194154049,3
15,0,0,0.0,-1,0.9275689688183278,3
16,0,0,0.0,-1,0.9229311239742362,3
17,0,0,0.0,-1,0.918316468354365,3
18,0,2,0.0,1,0.9137248860125932,5
19,0,0,0.0,-1,0.9091562615825302,3
20,0,0,0.0,-1,0.9046104802746175,3
21,0,0,0.0,-1,0.9000874278732445,3
22,0,1,0.0,0,0.8955869907338783,4
23,0,0,0.0,-1,0.8911090557802088,3
24,0,0,0.0,-1,0.8866535105013078,3
25,0,0,0.0,-1,0.8822202429488013,3
26,0,0,0.0,-1,0.8778091417340573,3
27,0,0,0.0,-1,0.8734200960253871,3
28,0,0,0.0,-1,0.8690529955452602,3
29,0,0,0.0,-1,0.8647077305675338,3
30,0,0,0.0,-1,0.8603841919146962,3
31,0,0,0.0,-1,0.8560822709551227,3
32,0,0,0.0,-1,0.851801859600347,3
33,0,0,0.0,-1,0.8475428503023453,3
34,0,0,0.0,-1,0.8433051360508336,3
35,0,0,0.0,-1,0.8390886103705794,3
36,0,0,0.0,-1,0.8348931673187264,3
37,0,0,0.0,-1,0.8307187014821328,3
38,0,1,0.0,0,0.8265651079747222,4
39,0,1,0.0,0,0.8224322824348486,4
40,0,0,0.0,-1,0.8183201210226743,3
41,0,0,0.0,-1,0.8142285204175609,3
42,0,0,0.0,-1,0.810157377815473,3
43,0,0,0.0,-1,0.8061065909263957,3
44,0,0,0.0,-1,0.8020760579717637,3
45,0,0,0.0,-1,0.798065677681905,3
46,0,0,0.0,-1,0.7940753492934954,3
47,0,0,0.0,-1,0.7901049725470279,3
48,0,1,0.0,0,0.7861544476842928,4
49,0,2,0.0,1,0.7822236754458713,5
50,0,1,0.0,0,0.778312557068642,4
51,0,1,0.0,0,0.7744209942832988,4
52,0,2,0.0,1,0.7705488893118823,5
53,0,1,0.0,0,0.7666961448653229,4
54,0,3,0.0,2,0.7628626641409962,6
55,0,0,0.0,-1,0.7590483508202912,3
56,0,0,0.0,-1,0.7552531090661897,3
57,0,0,0.0,-1,0.7514768435208588,3
58,0,1,0.0,0,0.7477194593032545,4
59,0,0,0.0,-1,0.7439808620067382,3
60,0,2,0.0,1,0.7402609576967045,5
61,0,0,0.0,-1,0.736559652908221,3
62,0,1,0.0,0,0.7328768546436799,4
63,0,1,0.0,0,0.7292124703704616,4
64,0,0,0.0,-1,0.7255664080186093,3
65,0,0,0.0,-1,0.7219385759785162,3
66,0,0,0.0,-1,0.7183288830986236,3
67,0,0,0.0,-1,0.7147372386831305,3
68,0,2,0.0,1,0.7111635524897149,5
69,0,2,0.0,1,0.7076077347272662,5
70,0,0,0.0,-1,0.7040696960536299,3
71,0,0,0.0,-1,0.7005493475733617,3
72,0,0,0.0,-1,0.697046600835495,3
73,0,0,0.0,-1,0.6935613678313175,3
74,0,1,0.0,0,0.6900935609921609,4
75,0,1,0.0,0,0.6866430931872001,4
76,0,1,0.0,0,0.6832098777212641,4
77,0,1,0.0,0,0.6797938283326578,4
78,0,0,0.0,-1,0.6763948591909945,3
79,0,0,0.0,-1,0.6730128848950395,3
80,0,0,0.0,-1,0.6696478204705644,3
81,0,0,0.0,-1,0.6662995813682115,3
82,0,0,0.0,-1,0.6629680834613705,3
83,0,1,0.0,0,0.6596532430440636,4
84,0,2,0.0,1,0.6563549768288433,5
85,0,0,0.0,-1,0.653073201944699,3
86,0,0,0.0,-1,0.6498078359349755,3
87,0,0,0.0,-1,0.6465587967553006,3
88,0,1,0.0,0,0.6433260027715241,4
89,0,0,0.0,-1,0.6401093727576664,3
90,0,0,0.0,-1,0.6369088258938781,3
91,0,2,0.0,1,0.6337242817644086,5
92,0,0,0.0,-1,0.6305556603555866,3
93,0,0,0.0,-1,0.6274028820538087,3
94,0,0,0.0,-1,0.6242658676435396,3
95,0,1,0.0,0,0.6211445383053219,4
96,0,4,0.0,3,0.6180388156137953,7
97,0,0,0.0,-1,0.6149486215357263,3
98,0,1,0.0,0,0.6118738784280476,4
99,0,2,0.0,1,0.6088145090359074,5
100,0,0,0.0,-1,0.6057704364907278,3
101,0,0,0.0,-1,0.6027415843082742,3
102,0,2,0.0,1,0.5997278763867329,5
103,0,2,0.0,1,0.5967292370047992,5
104,0,0,0.0,-1,0.5937455908197752,3
105,0,1,0.0,0,0.5907768628656763,4
106,0,2,0.0,1,0.5878229785513479,5
107,0,0,0.0,-1,0.5848838636585911,3
108,0,1,0.0,0,0.5819594443402982,4
109,0,0,0.0,-1,0.5790496471185967,3
110,0,2,0.0,1,0.5761543988830038,5
111,0,0,0.0,-1,0.5732736268885887,3
112,0,0,0.0,-1,0.5704072587541458,3
113,0,1,0.0,0,0.567555222460375,4
114,0,0,0.0,-1,0.5647174463480732,3
115,0,1,0.0,0,0.5618938591163328,4
116,0,0,0.0,-1,0.5590843898207511,3
117,0,2,0.0,1,0.5562889678716474,5
118,0,0,0.0,-1,0.5535075230322891,3
119,0,2,0.0,1,0.5507399854171277,5
120,0,1,0.0,0,0.547986285490042,4
121,0,1,0.0,0,0.5452463540625918,4
122,0,2,0.0,1,0.5425201222922789,5
123,0,1,0.0,0,0.5398075216808175,4
124,0,4,0.0,3,0.5371084840724134,7
125,0,0,0.0,-1,0.5344229416520513,3
126,0,1,0.0,0,0.531750826943791,4
127,0,0,0.0,-1,0.5290920728090721,3
128,0,1,0.0,0,0.5264466124450268,4
129,0,0,0.0,-1,0.5238143793828016,3
130,0,2,0.0,1,0.5211953074858876,5
131,0,3,0.0,2,0.5185893309484582,6
132,0,3,0.0,2,0.5159963842937159,6
133,0,1,0.0,0,0.5134164023722473,4
134,0,1,0.0,0,0.510849320360386,4
135,0,4,0.0,3,0.5082950737585841,7
136,0,2,0.0,1,0.5057535983897912,5
137,0,3,0.0,2,0.5032248303978422,6
138,0,2,0.0,1,0.500708706245853,5
139,0,0,0.0,-1,0.4982051627146237,3
140,0,2,0.0,1,0.49571413690105054,5
141,0,0,0.0,-1,0.4932355662165453,3
142,0,1,0.0,0,0.4907693883854626,4
143,0,1,0.0,0,0.4883155414435353,4
144,0,1,0.0,0,0.4858739637363176,4
145,0,2,0.0,1,0.483444593917636,5
146,0,1,0.0,0,0.4810273709480478,4
147,0,1,0.0,0,0.47862223409330756,4
148,0,1,0.0,0,0.47622912292284103,4
149,0,0,0.0,-1,0.4738479773082268,3
150,0,2,0.0,1,0.47147873742168567,5
151,0,2,0.0,1,0.46912134373457726,5
152,0,0,0.0,-1,0.46677573701590436,3
153,0,2,0.0,1,0.46444185833082485,5
154,0,1,0.0,0,0.46211964903917074,4
155,0,0,0.0,-1,0.4598090507939749,3
156,0,4,0.0,3,0.457510005540005,7
157,0,1,0.0,0,0.45522245551230495,4
158,0,1,0.0,0,0.4529463432347434,4
159,0,0,0.0,-1,0.4506816115185697,3
160,0,1,0.0,0,0.4484282034609769,4
161,0,0,0.0,-1,0.446186062443672,3
162,0,0,0.0,-1,0.4439551321314536,3
163,0,3,0.0,2,0.4417353564707963,6
164,0,3,0.0,2,0.43952667968844233,6
165,0,3,0.0,2,0.43732904629000013,6
166,0,3,0.0,2,0.4351424010585501,6
167,0,2,0.0,1,0.43296668905325736,5
168,0,2,0.0,1,0.43080185560799106,5
169,0,1,0.0,0,0.4286478463299511,4
170,0,0,0.0,-1,0.42650460709830135,3
171,0,1,0.0,0,0.42437208406280985,4
172,0,1,0.0,0,0.4222502236424958,4
173,0,0,0.0,-1,0.42013897252428334,3
174,0,3,0.0,2,0.4180382776616619,6
175,0,1,0.0,0,0.4159480862733536,4
176,0,1,0.0,0,0.41386834584198684,4
177,0,7,0.0,6,0.4117990041127769,10
178,0,1,0.0,0,0.40974000909221303,4
179,0,2,0.0,1,0.40769130904675194,5
180,0,6,0.0,5,0.40565285250151817,9
181,0,2,0.0,1,0.4036245882390106,5
182,0,4,0.0,3,0.4016064652978155,7
183,0,2,0.0,1,0.3995984329713264,5
184,0,1,0.0,0,0.3976004408064698,4
185,0,5,0.0,4,0.39561243860243744,8
186,0,1,0.0,0,0.3936343764094253,4
187,0,3,0.0,2,0.39166620452737816,6
188,0,1,0.0,0,0.3897078735047413,4
189,0,5,0.0,4,0.3877593341372176,8
190,0,1,0.0,0,0.3858205374665315,4
191,0,2,0.0,1,0.38389143477919885,5
192,0,0,0.0,-1,0.3819719776053028,3
193,0,3,0.0,2,0.3800621177172763,6
194,0,2,0.0,1,0.37816180712868996,5
195,0,1,0.0,0,0.37627099809304654,4
196,0,1,0.0,0,0.3743896431025813,4
197,0,2,0.0,1,0.37251769488706843,5
198,0,2,0.0,1,0.3706551064126331,5
199,0,5,0.0,4,0.36880183088056995,8
200,0,4,0.0,3,0.3669578217261671,7
201,0,1,0.0,0,0.36512303261753626,4
202,0,2,0.0,1,0.3632974174544486,5
203,0,3,0.0,2,0.3614809303671764,6
204,0,5,0.0,4,0.3596735257153405,8
205,0,0,0.0,-1,0.3578751580867638,3
206,0,2,0.0,1,0.35608578229633,5
207,0,2,0.0,1,0.3543053533848483,5
208,0,4,0.0,3,0.35253382661792404,7
209,0,7,0.0,6,0.3507711574848344,10
210,0,0,0.0,-1,0.34901730169741024,3
211,0,1,0.0,0,0.3472722151889232,4
212,0,1,0.0,0,0.3455358541129786,4
213,0,0,0.0,-1,0.3438081748424137,3
214,0,3,0.0,2,0.3420891339682016,6
215,0,2,0.0,1,0.3403786882983606,5
216,0,4,0.0,3,0.3386767948568688,7
217,0,1,0.0,0,0.33698341088258443,4
218,0,3,0.0,2,0.3352984938281715,6
219,0,2,0.0,1,0.33362200135903064,5
220,0,0,0.0,-1,0.33195389135223546,3
221,0,1,0.0,0,0.3302941218954743,4
222,0,2,0.0,1,0.32864265128599696,5
223,0,6,0.0,5,0.326999438029567,9
224,0,3,0.0,2,0.3253644408394192,6
225,0,3,0.0,2,0.3237376186352221,6
226,0,4,0.0,3,0.322118930542046,7
227,0,4,0.0,3,0.32050833588933575,7
228,0,1,0.0,0,0.31890579420988907,4
229,0,4,0.0,3,0.3173112652388396,7
230,0,5,0.0,4,0.3157247089126454,8
231,0,0,0.0,-1,0.3141460853680822,3
232,0,3,0.0,2,0.3125753549412418,6
233,0,0,0.0,-1,0.31101247816653554,3
234,0,4,0.0,3,0.30945741577570285,7
235,0,1,0.0,0,0.3079101286968243,4
236,0,3,0.0,2,0.3063705780533402,6
237,0,0,0.0,-1,0.30483872516307353,3
238,0,5,0.0,4,0.3033145315372582,8
239,0,1,0.0,0,0.3017979588795719,4
240,0,2,0.0,1,0.30028896908517405,5
241,0,1,0.0,0,0.2987875242397482,4
242,0,8,0.0,7,0.29729358661854943,11
243,0,3,0.0,2,0.29580711868545667,6
244,0,1,0.0,0,0.2943280830920294,4
245,0,4,0.0,3,0.29285644267656924,7
246,0,2,0.0,1,0.2913921604631864,5
247,0,3,0.0,2,0.28993519966087045,6
248,0,9,0.0,8,0.2884855236625661,12
249,0,3,0.0,2,0.28704309604425327,6
250,0,4,0.0,3,0.285607880564032,7
251,0,1,0.0,0,0.28417984116121187,4
252,0,0,0.0,-1,0.2827589419554058,3
253,0,4,0.0,3,0.28134514724562876,7
254,0,2,0.0,1,0.2799384215094006,5
255,0,2,0.0,1,0.27853872940185365,5
256,0,4,0.0,3,0.27714603575484437,7
257,0,1,0.0,0,0.2757603055760701,4
258,0,4,0.0,3,0.2743815040481898,7
259,0,7,0.0,6,0.2730095965279488,10
260,0,2,0.0,1,0.27164454854530906,5
261,0,5,0.0,4,0.2702863258025825,8
262,0,3,0.0,2,0.2689348941735696,6
263,0,0,0.0,-1,0.26759021970270175,3
264,0,2,0.0,1,0.2662522686041882,5
265,0,3,0.0,2,0.2649210072611673,6
266,0,4,0.0,3,0.26359640222486147,7
267,0,3,0.0,2,0.26227842021373715,6
268,0,3,0.0,2,0.2609670281126685,6
269,0,5,0.0,4,0.25966219297210513,8
270,0,2,0.0,1,0.2583638820072446,5
271,0,3,0.0,2,0.2570720625972084,6
272,0,4,0.0,3,0.25578670228422234,7
273,0,7,0.0,6,0.25450776877280124,10
274,0,1,0.0,0,0.2532352299289372,4
275,0,3,0.0,2,0.2519690537792925,6
276,0,2,0.0,1,0.2507092085103961,5
277,0,2,0.0,1,0.2494556624678441,5
278,0,2,0.0,1,0.24820838415550486,5
279,0,5,0.0,4,0.24696734223472733,8
280,0,2,0.0,1,0.2457325055235537,5
281,0,5,0.0,4,0.24450384299593592,8
282,0,3,0.0,2,0.24328132378095624,6
283,0,2,0.0,1,0.24206491716205145,5
284,0,1,0.0,0,0.2408545925762412,4
285,0,3,0.0,2,0.23965031961336,6
286,0,3,0.0,2,0.2384520680152932,6
287,0,8,0.0,7,0.23725980767521673,11
288,0,1,0.0,0,0.23607350863684065,4
289,0,5,0.0,4,0.23489314109365644,8
290,0,0,0.0,-1,0.23371867538818816,3
291,0,5,0.0,4,0.23255008201124722,8
292,0,5,0.0,4,0.231387331601191,8
293,0,3,0.0,2,0.23023039494318503,6
294,0,4,0.0,3,0.2290792429684691,7
295,0,6,0.0,5,0.22793384675362674,9
296,0,1,0.0,0,0.22679417751985861,4
297,0,8,0.0,7,0.22566020663225933,11
298,0,5,0.0,4,0.22453190559909803,8
299,0,3,0.0,2,0.22340924607110255,6
300,0,8,0.0,7,0.22229219984074702,11
301,0,4,0.0,3,0.2211807388415433,7
302,0,8,0.0,7,0.22007483514733558,11
303,0,6,0.0,5,0.2189744609715989,9
304,0,8,0.0,7,0.2178795886667409,11
305,0,3,0.0,2,0.2167901907234072,6
306,0,2,0.0,1,0.21570623976979014,5
307,0,4,0.0,3,0.21462770857094118,7
308,0,9,0.0,8,0.21355457002808648,12
309,0,3,0.0,2,0.21248679717794605,6
310,0,8,0.0,7,0.21142436319205632,11
311,0,0,0.0,-1,0.21036724137609603,3
312,0,2,0.0,1,0.20931540516921554,5
313,0,2,0.0,1,0.20826882814336947,5
314,0,4,0.0,3,0.20722748400265262,7
315,0,4,0.0,3,0.20619134658263935,7
316,0,2,0.0,1,0.20516038984972615,5
317,0,9,0.0,8,0.2041345879004775,12
318,0,5,0.0,4,0.2031139149609751,8
319,0,9,0.0,8,0.20209834538617025,12
320,0,11,0.0,10,0.2010878536592394,14
321,0,4,0.0,3,0.2000824143909432,7
322,0,6,0.0,5,0.19908200231898848,9
323,0,2,0.0,1,0.19808659230739353,5
324,0,3,0.0,2,0.19709615934585656,6
325,0,4,0.0,3,0.19611067854912728,7
326,0,2,0.0,1,0.19513012515638165,5
327,0,0,0.0,-1,0.19415447453059972,3
328,0,0,0.0,-1,0.19318370215794672,3
329,0,5,0.0,4,0.192217783647157,8
330,0,1,0.0,0,0.1912566947289212,4
331,0,6,0.0,5,0.1903004112552766,9
332,0,5,0.0,4,0.18934890919900021,8
333,0,0,0.0,-1,0.18840216465300522,3
334,0,5,0.0,4,0.18746015382974018,8
335,0,2,0.0,1,0.1865228530605915,5
336,0,5,0.0,4,0.18559023879528855,8
337,0,7,0.0,6,0.1846622876013121,10
338,0,7,0.0,6,0.18373897616330553,10
339,0,5,0.0,4,0.182820281282489,8
340,0,8,0.0,7,0.18190617987607657,11
341,0,5,0.0,4,0.18099664897669618,8
342,0,3,0.0,2,0.1800916657318127,6
343,0,6,0.0,5,0.17919120740315364,9
344,0,9,0.0,8,0.17829525136613786,12
345,0,3,0.0,2,0.17740377510930716,6
346,0,4,0.0,3,0.17651675623376062,7
347,0,6,0.0,5,0.1756341724525918,9
348,0,2,0.0,1,0.17475600159032884,5
349,0,3,0.0,2,0.17388222158237718,6
350,0,9,0.0,8,0.1730128104744653,12
351,0,3,0.0,2,0.17214774642209296,6
352,0,8,0.0,7,0.1712870076899825,11
353,0,11,0.0,10,0.17043057265153258,14
354,0,5,0.0,4,0.16957841978827493,8
355,0,5,0.0,4,0.16873052768933355,8
356,0,1,0.0,0,0.1678868750508869,4
357,0,7,0.0,6,0.16704744067563246,10
358,0,7,0.0,6,0.1662122034722543,10
359,0,6,0.0,5,0.16538114245489302,9
360,0,4,0.0,3,0.16455423674261854,7
361,0,3,0.0,2,0.16373146555890544,6
362,0,5,0.0,4,0.16291280823111093,8
363,0,7,0.0,6,0.16209824418995536,10
364,0,2,0.0,1,0.16128775296900558,5
365,0,5,0.0,4,0.16048131420416054,8
366,0,9,0.0,8,0.15967890763313974,12
367,0,13,0.0,12,0.15888051309497406,16
368,0,3,0.0,2,0.1580861105294992,6
369,0,13,0.0,12,0.1572956799768517,16
370,0,13,0.0,12,0.15650920157696743,16
371,0,4,0.0,3,0.1557266555690826,7
372,0,7,0.0,6,0.1549480222912372,10
373,0,13,0.0,12,0.15417328217978102,16
374,0,1,0.0,0,0.1534024157688821,4
375,0,10,0.0,9,0.1526354036900377,13
376,0,4,0.0,3,0.1518722266715875,7
377,0,8,0.0,7,0.15111286553822956,11
378,0,9,0.0,8,0.15035730121053842,12
379,0,5,0.0,4,0.14960551470448571,8
380,0,2,0.0,1,0.14885748713096328,5
381,0,3,0.0,2,0.14811319969530845,6
382,0,4,0.0,3,0.1473726336968319,7
383,0,3,0.0,2,0.14663577052834775,6
384,0,5,0.0,4,0.14590259167570602,8
385,0,15,0.0,14,0.1451730787173275,18
386,0,1,0.0,0,0.14444721332374086,4
387,0,6,0.0,5,0.14372497725712216,9
388,0,4,0.0,3,0.14300635237083656,7
389,0,1,0.0,0,0.14229132060898236,4
390,0,4,0.0,3,0.14157986400593744,7
391,0,8,0.0,7,0.14087196468590776,11
392,0,1,0.0,0,0.14016760486247823,4
393,0,14,0.0,13,0.13946676683816583,17
394,0,5,0.0,4,0.138769433003975,8
395,0,10,0.0,9,0.13807558583895513,13
396,0,3,0.0,2,0.13738520790976036,6
397,0,5,0.0,4,0.13669828187021155,8
398,0,3,0.0,2,0.13601479046086049,6
399,0,6,0.0,5,0.1353347165085562,9
400,0,1,0.0,0,0.1346580429260134,4
401,0,2,0.0,1,0.13398475271138335,5
402,0,6,0.0,5,0.13331482894782642,9
403,0,0,0.0,-1,0.13264825480308728,3
404,0,2,0.0,1,0.13198501352907185,5
405,0,1,0.0,0,0.1313250884614265,4
406,0,5,0.0,4,0.13066846301911936,8
407,0,5,0.0,4,0.13001512070402377,8
408,0,9,0.0,8,0.12936504510050365,12
409,0,16,0.0,15,0.12871821987500112,19
410,0,1,0.0,0,0.12807462877562611,4
411,0,4,0.0,3,0.12743425563174798,7
412,0,5,0.0,4,0.12679708435358925,8
413,0,2,0.0,1,0.1261630989318213,5
414,0,3,0.0,2,0.1255322834371622,6
415,0,18,0.0,17,0.12490462201997637,21
416,0,9,0.0,8,0.1242800989098765,12
417,0,2,0.0,1,0.12365869841532712,5
418,0,9,0.0,8,0.12304040492325048,12
419,0,3,0.0,2,0.12242520289863423,6
420,0,2,0.0,1,0.12181307688414106,5
421,0,11,0.0,10,0.12120401149972035,14
422,0,1,0.0,0,0.12059799144222175,4
423,0,10,0.0,9,0.11999500148501063,13
424,0,15,0.0,14,0.11939502647758558,18
425,0,15,0.0,14,0.11879805134519765,18
426,0,6,0.0,5,0.11820406108847166,9
427,0,11,0.0,10,0.1176130407830293,14
428,0,2,0.0,1,0.11702497557911415,5
429,0,20,0.0,19,0.11643985070121858,23
430,0,9,0.0,8,0.11585765144771248,12
431,0,8,0.0,7,0.11527836319047392,11
432,0,11,0.0,10,0.11470197137452155,14
433,0,3,0.0,2,0.11412846151764894,6
434,0,11,0.0,10,0.1135578192100607,14
435,0,8,0.0,7,0.11299003011401039,11
436,0,12,0.0,11,0.11242507996344034,15
437,0,5,0.0,4,0.11186295456362313,8
438,0,10,0.0,9,0.11130363979080501,13
439,0,1,0.0,0,0.11074712159185099,4
440,0,3,0.0,2,0.11019338598389174,6
441,0,4,0.0,3,0.10964241905397228,7
442,0,18,0.0,17,0.10909420695870241,21
443,0,3,0.0,2,0.1085487359239089,6
444,0,9,0.0,8,0.10800599224428936,12
445,0,6,0.0,5,0.10746596228306791,9
446,0,6,0.0,5,0.10692863247165257,9
447,0,7,0.0,6,0.1063939893092943,10
448,0,5,0.0,4,0.10586201936274783,8
449,0,1,0.0,0,0.10533270926593409,4
450,0,17,0.0,16,0.10480604571960442,20
451,0,12,0.0,11,0.1042820154910064,15
452,0,16,0.0,15,0.10376060541355137,19
453,0,7,0.0,6,0.1032418023864836,10
454,0,7,0.0,6,0.10272559337455119,10
455,0,2,0.0,1,0.10221196540767843,5
456,0,11,0.0,10,0.10170090558064004,14
457,0,12,0.0,11,0.10119240105273684,15
458,0,0,0.0,-1,0.10068643904747315,3
459,0,5,0.0,4,0.10018300685223579,8
460,0,3,0.0,2,0.0996820918179746,6
461,0,13,0.0,12,0.09918368135888474,16
462,0,6,0.0,5,0.09868776295209031,9
463,0,8,0.0,7,0.09819432413732986,11
464,0,1,0.0,0,0.09770335251664321,4
465,0,2,0.0,1,0.09721483575406,5
466,0,1,0.0,0,0.09672876157528969,4
467,0,9,0.0,8,0.09624511776741324,12
468,0,6,0.0,5,0.09576389217857617,9
469,0,11,0.0,10,0.09528507271768329,14
470,0,4,0.0,3,0.09480864735409487,7
471,0,3,0.0,2,0.0943346041173244,6
472,0,1,0.0,0,0.09386293109673778,4
473,0,8,0.0,7,0.09339361644125409,11
474,0,11,0.0,10,0.09292664835904782,14
475,0,18,0.0,17,0.09246201511725258,21
476,0,4,0.0,3,0.09199970504166631,7
477,0,7,0.0,6,0.09153970651645797,10
478,0,12,0.0,11,0.09108200798387568,15
479,0,6,0.0,5,0.0906265979439563,9
480,0,1,0.0,0,0.09017346495423652,4
481,0,3,0.0,2,0.08972259762946533,6
482,0,17,0.0,16,0.089273984641318,20
483,0,8,0.0,7,0.0888276147181114,11
484,0,11,0.0,10,0.08838347664452084,14
485,0,15,0.0,14,0.08794155926129824,18
486,0,1,0.0,0,0.08750185146499175,4
487,0,2,0.0,1,0.08706434220766679,5
488,0,8,0.0,7,0.08662902049662846,11
489,0,11,0.0,10,0.08619587539414532,14
490,0,11,0.0,10,0.08576489601717459,14
491,0,12,0.0,11,0.08533607153708872,15
492,0,2,0.0,1,0.08490939117940327,5
493,0,9,0.0,8,0.08448484422350626,12
494,0,12,0.0,11,0.08406242000238873,15
495,0,11,0.0,10,0.08364210790237678,14
496,0,9,0.0,8,0.0832238973628649,12
497,0,4,0.0,3,0.08280777787605056,7
498,0,12,0.0,11,0.08239373898667031,15
499,0,8,0.0,7,0.08198177029173696,11
500,0,4,0.0,3,0.08157186144027828,7
501,0,2,0.0,1,0.0811640021330769,5
502,0,3,0.0,2,0.08075818212241151,6
503,0,10,0.0,9,0.08035439121179945,13
504,0,6,0.0,5,0.07995261925574046,9
505,0,10,0.0,9,0.07955285615946175,13
506,0,7,0.0,6,0.07915509187866444,10
507,0,12,0.0,11,0.07875931641927113,15
508,0,7,0.0,6,0.07836551983717477,10
509,0,10,0.0,9,0.07797369223798889,13
510,0,13,0.0,12,0.07758382377679894,16
511,0,13,0.0,12,0.07719590465791494,16
512,0,8,0.0,7,0.07680992513462537,11
513,0,13,0.0,12,0.07642587550895225,16
514,0,9,0.0,8,0.07604374613140748,12
515,0,11,0.0,10,0.07566352740075044,14
516,0,7,0.0,6,0.07528520976374668,10
517,0,3,0.0,2,0.07490878371492794,6
518,0,12,0.0,11,0.0745342397963533,15
519,0,14,0.0,13,0.07416156859737154,17
520,0,3,0.0,2,0.07379076075438468,6
521,0,16,0.0,15,0.07342180695061275,19
522,0,5,0.0,4,0.07305469791585968,8
523,0,10,0.0,9,0.07268942442628039,13
524,0,11,0.0,10,0.07232597730414898,14
525,0,9,0.0,8,0.07196434741762824,12
526,0,14,0.0,13,0.0716045256805401,17
527,0,8,0.0,7,0.0712465030521374,11
528,0,7,0.0,6,0.0708902705368767,10
529,0,12,0.0,11,0.07053581918419231,15
530,0,6,0.0,5,0.07018314008827135,9
531,0,11,0.0,10,0.06983222438783,14
532,0,3,0.0,2,0.06948306326589085,6
533,0,7,0.0,6,0.0691356479495614,10
534,0,2,0.0,1,0.06878996970981359,5
535,0,2,0.0,1,0.06844601986126451,5
536,0,5,0.0,4,0.06810378976195819,8
537,0,9,0.0,8,0.0677632708131484,12
538,0,7,0.0,6,0.06742445445908266,10
539,0,14,0.0,13,0.06708733218678724,17
540,0,4,0.0,3,0.0667518955258533,7
541,0,10,0.0,9,0.06641813604822402,13
542,0,7,0.0,6,0.0660860453679829,10
543,0,17,0.0,16,0.06575561514114299,20
544,0,5,0.0,4,0.06542683706543727,8
545,0,15,0.0,14,0.06509970288011008,18
546,0,9,0.0,8,0.06477420436570952,12
547,0,9,0.0,8,0.06445033334388098,12
548,0,16,0.0,15,0.06412808167716157,19
549,0,6,0.0,5,0.06380744126877576,9
550,0,11,0.0,10,0.06348840406243188,14
551,0,10,0.0,9,0.06317096204211972,13
552,0,6,0.0,5,0.06285510723190912,9
553,0,9,0.0,8,0.06254083169574957,12
554,0,15,0.0,14,0.062228127537270826,18
555,0,14,0.0,13,0.06191698689958447,17
556,0,2,0.0,1,0.061607401965086545,5
557,0,5,0.0,4,0.06129936495526111,8
558,0,10,0.0,9,0.0609928681304848,13
559,0,6,0.0,5,0.060687903789832374,9
560,0,11,0.0,10,0.06038446427088321,14
561,0,1,0.0,0,0.06008254194952879,4
562,0,13,0.0,12,0.05978212923978115,16
563,0,11,0.0,10,0.05948321859358224,14
564,0,4,0.0,3,0.05918580250061433,7
565,0,15,0.0,14,0.058889873488111255,18
566,0,3,0.0,2,0.058595424120670696,6
567,0,11,0.0,10,0.05830244700006734,14
568,0,8,0.0,7,0.058010934765067,11
569,0,1,0.0,0,0.05772088009124167,4
570,0,8,0.0,7,0.05743227569078546,11
571,0,11,0.0,10,0.05714511431233153,14
572,0,2,0.0,1,0.05685938874076987,5
573,0,4,0.0,3,0.056575091797066025,7
574,0,8,0.0,7,0.056292216338080694,11
575,0,14,0.0,13,0.05601075525639029,17
576,0,12,0.0,11,0.05573070148010834,15
577,0,3,0.0,2,0.0554520479727078,6
578,0,10,0.0,9,0.05517478773284426,13
579,0,17,0.0,16,0.05489891379418004,20
580,0,3,0.0,2,0.05462441922520914,6
581,0,13,0.0,12,0.0543512971290831,16
582,0,7,0.0,6,0.05407954064343768,10
583,0,21,0.0,20,0.05380914294022049,24
584,0,6,0.0,5,0.05354009722551939,9
585,0,16,0.0,15,0.05327239673939179,19
586,0,4,0.0,3,0.053006034755694834,7
587,0,6,0.0,5,0.052741004581916356,9
588,0,8,0.0,7,0.052477299559006776,11
589,0,10,0.0,9,0.052214913061211746,13
590,0,15,0.0,14,0.05195383849590569,18
591,0,13,0.0,12,0.05169406930342616,16
592,0,2,0.0,1,0.05143559895690903,5
593,0,16,0.0,15,0.051178420962124486,19
594,0,3,0.0,2,0.05092252885731386,6
595,0,8,0.0,7,0.05066791621302729,11
596,0,18,0.0,17,0.05041457663196215,21
597,0,13,0.0,12,0.050162503748802344,16
598,0,12,0.0,11,0.049911691230058335,15
599,0,12,0.0,11,0.04966213277390804,15
600,0,9,0.0,8,0.0494138221100385,12
601,0,1,0.0,0,0.04916675299948831,4
602,0,17,0.0,16,0.04892091923449087,20
603,0,10,0.0,9,0.04867631463831842,13
604,0,8,0.0,7,0.048432933065126825,11
605,0,14,0.0,13,0.048190768399801194,17
606,0,10,0.0,9,0.04794981455780219,13
607,0,13,0.0,12,0.04771006548501318,16
608,0,15,0.0,14,0.047471515157588115,18
609,0,8,0.0,7,0.047234157581800176,11
610,0,9,0.0,8,0.046997986793891174,12
611,0,16,0.0,15,0.04676299685992172,19
612,0,6,0.0,5,0.04652918187562211,9
613,0,19,0.0,18,0.046296535966244,22
614,0,2,0.0,1,0.046065053286412784,5
615,0,2,0.0,1,0.04583472801998072,5
616,0,22,0.0,21,0.045605554379880814,25
617,0,18,0.0,17,0.04537752660798141,21
618,0,1,0.0,0,0.0451506389749415,4
619,0,11,0.0,10,0.044924885780066794,14
620,0,17,0.0,16,0.04470026135116646,20
621,0,0,0.0,-1,0.04447676004441063,3
622,0,6,0.0,5,0.04425437624418858,9
623,0,14,0.0,13,0.04403310436296763,17
624,0,16,0.0,15,0.043812938841152796,19
625,0,15,0.0,14,0.04359387414694703,18
626,0,4,0.0,3,0.043375904776212296,7
627,0,18,0.0,17,0.043159025252331236,21
628,0,8,0.0,7,0.04294323012606958,11
629,0,20,0.0,19,0.04272851397543923,23
630,0,5,0.0,4,0.04251487140556204,8
631,0,13,0.0,12,0.04230229704853423,16
632,0,15,0.0,14,0.04209078556329156,18
633,0,6,0.0,5,0.0418803316354751,9
634,0,15,0.0,14,0.041670929977297724,18
635,0,15,0.0,14,0.04146257532741124,18
636,0,15,0.0,14,0.04125526245077418,18
637,0,16,0.0,15,0.04104898613852031,19
638,0,20,0.0,19,0.04084374120782771,23
639,0,15,0.0,14,0.04063952250178857,18
640,0,4,0.0,3,0.04043632488927963,7
641,0,9,0.0,8,0.04023414326483323,12
642,0,18,0.0,17,0.040032972548509065,21
643,0,2,0.0,1,0.03983280768576652,5
644,0,19,0.0,18,0.03963364364733769,22
645,0,14,0.0,13,0.039435475429100995,17
646,0,14,0.0,13,0.03923829805195549,17
647,0,3,0.0,2,0.03904210656169572,6
648,0,19,0.0,18,0.03884689602888724,22
649,0,19,0.0,18,0.0386526615487428,22
650,0,3,0.0,2,0.03845939824099909,6
651,0,7,0.0,6,0.03826710124979409,10
652,0,14,0.0,13,0.038075765743545126,17
653,0,11,0.0,10,0.0378853869148274,14
654,0,11,0.0,10,0.03769595998025326,14
655,0,13,0.0,12,0.03750748018035199,16
656,0,11,0.0,10,0.037319942779450235,14
657,0,0,0.0,-1,0.037133343065552986,3
658,0,8,0.0,7,0.03694767635022522,11
659,0,21,0.0,20,0.036762937968474095,24
660,0,10,0.0,9,0.03657912327863173,13
661,0,16,0.0,15,0.036396227662238566,19
662,0,11,0.0,10,0.03621424652392737,14
663,0,10,0.0,9,0.036033175291307735,13
664,0,21,0.0,20,0.03585300941485119,24
665,0,7,0.0,6,0.035673744367776934,10
666,0,13,0.0,12,0.03549537564593805,16
667,0,14,0.0,13,0.035317898767708356,17
668,0,7,0.0,6,0.03514130927386981,10
669,0,9,0.0,8,0.03496560272750046,12
670,0,22,0.0,21,0.03479077471386296,25
671,0,15,0.0,14,0.03461682084029365,18
672,0,10,0.0,9,0.034443736736092176,13
673,0,3,0.0,2,0.034271518052411715,6
674,0,10,0.0,9,0.034100160462149656,13
675,0,14,0.0,13,0.03392965965983891,17
676,0,11,0.0,10,0.033760011361539714,14
677,0,7,0.0,6,0.03359121130473201,10
678,0,19,0.0,18,0.033423255248208356,22
679,0,8,0.0,7,0.03325613897196732,11
680,0,13,0.0,12,0.03308985827710748,16
681,0,12,0.0,11,0.032924408985721944,15
682,0,8,0.0,7,0.03275978694079333,11
683,0,27,0.0,26,0.032595988006089364,30
684,0,16,0.0,15,0.032433008066058915,19
685,0,1,0.0,0,0.03227084302572862,4
686,0,2,0.0,1,0.032109488810599975,5
687,0,21,0.0,20,0.031948941366546975,24
688,0,4,0.0,3,0.03178919665971424,7
689,0,16,0.0,15,0.03163025067641567,19
690,0,25,0.0,24,0.03147209942303359,28
691,0,13,0.0,12,0.03131473892591842,16
692,0,11,0.0,10,0.031158165231288826,14
693,0,8,0.0,7,0.03100237440513238,11
694,0,8,0.0,7,0.030847362533106718,11
695,0,11,0.0,10,0.030693125720441184,14
696,0,14,0.0,13,0.030539660091838977,17
697,0,16,0.0,15,0.03038696179137978,19
698,0,10,0.0,9,0.030235026982422884,13
699,0,22,0.0,21,0.030083851847510768,25
700,0,4,0.0,3,0.029933432588273214,7
701,0,33,0.0,32,0.029783765425331846,36
702,0,12,0.0,11,0.029634846598205186,15
703,0,12,0.0,11,0.02948667236521416,15
704,0,6,0.0,5,0.029339239003388088,9
705,0,27,0.0,26,0.029192542808371146,30
706,0,3,0.0,2,0.02904658009432929,6
707,0,13,0.0,12,0.028901347193857643,16
708,0,1,0.0,0,0.028756840457888354,4
709,0,15,0.0,14,0.02861305625559891,18
710,0,12,0.0,11,0.028469990974320916,15
711,0,15,0.0,14,0.02832764101944931,18
712,0,14,0.0,13,0.028186002814352063,17
713,0,24,0.0,23,0.0280450728002803,27
714,0,4,0.0,3,0.0279048474362789,7
715,0,4,0.0,3,0.027765323199097504,7
716,0,9,0.0,8,0.027626496583102015,12
717,0,29,0.0,28,0.027488364100186506,32
718,0,20,0.0,19,0.027350922279685573,23
719,0,12,0.0,11,0.027214167668287145,15
720,0,4,0.0,3,0.02707809682994571,7
721,0,17,0.0,16,0.02694270634579598,20
722,0,14,0.0,13,0.026807992814067,17
723,0,8,0.0,7,0.026673952849996664,11
724,0,13,0.0,12,0.02654058308574668,16
725,0,16,0.0,15,0.026407880170317945,19
726,0,4,0.0,3,0.026275840769466357,7
727,0,17,0.0,16,0.026144461565619025,20
728,0,17,0.0,16,0.02601373925779093,20
729,0,13,0.0,12,0.025883670561501974,16
730,0,1,0.0,0,0.025754252208694463,4
731,0,8,0.0,7,0.02562548094765099,11
732,0,8,0.0,7,0.025497353542912736,11
733,0,13,0.0,12,0.02536986677519817,16
734,0,16,0.0,15,0.02524301744132218,19
735,0,21,0.0,20,0.025116802354115567,24
736,0,27,0.0,26,0.024991218342344988,30
737,0,10,0.0,9,0.024866262250633264,13
738,0,12,0.0,11,0.024741930939380097,15
739,0,8,0.0,7,0.024618221284683196,11
740,0,11,0.0,10,0.02449513017825978,14
741,0,6,0.0,5,0.02437265452736848,9
742,0,11,0.0,10,0.024250791254731636,14
743,0,11,0.0,10,0.024129537298457977,14
744,0,12,0.0,11,0.024008889611965685,15
745,0,14,0.0,13,0.023888845163905856,17
746,0,14,0.0,13,0.023769400938086327,17
747,0,27,0.0,26,0.023650553933395897,30
748,0,6,0.0,5,0.023532301163728918,9
749,0,10,0.0,9,0.023414639657910272,13
750,0,4,0.0,3,0.023297566459620722,7
751,0,14,0.0,13,0.023181078627322618,17
752,0,10,0.0,9,0.023065173234186005,13
753,0,8,0.0,7,0.022949847368015076,11
754,0,9,0.0,8,0.022835098131175,12
755,0,11,0.0,10,0.022720922640519125,14
756,0,14,0.0,13,0.02260731802731653,17
757,0,12,0.0,11,0.022494281437179946,15
758,0,6,0.0,5,0.022381810029994047,9
759,0,9,0.0,8,0.022269900979844076,12
760,0,12,0.0,11,0.022158551474944856,15
761,0,18,0.0,17,0.022047758717570132,21
762,0,17,0.0,16,0.021937519923982282,20
763,0,21,0.0,20,0.021827832324362372,24
764,0,21,0.0,20,0.02171869316274056,24
765,0,27,0.0,26,0.021610099696926857,30
766,0,13,0.0,12,0.021502049198442223,16
767,0,8,0.0,7,0.021394538952450012,11
768,0,25,0.0,24,0.02128756625768776,28
769,0,27,0.0,26,0.021181128426399323,30
770,0,1,0.0,0,0.021075222784267326,4
771,0,10,0.0,9,0.020969846670345987,13
772,0,15,0.0,14,0.020864997436994256,18
773,0,3,0.0,2,0.020760672449809284,6
774,0,23,0.0,22,0.020656869087560238,26
775,0,13,0.0,12,0.020553584742122436,16
776,0,2,0.0,1,0.020450816818411825,5
777,0,12,0.0,11,0.020348562734319765,15
778,0,11,0.0,10,0.020246819920648168,14
779,0,23,0.0,22,0.020145585821044927,26
780,0,12,0.0,11,0.020044857891939702,15
781,0,16,0.0,15,0.019944633602480003,19
782,0,7,0.0,6,0.019844910434467605,10
783,0,14,0.0,13,0.019745685882295267,17
784,0,17,0.0,16,0.01964695745288379,20
785,0,11,0.0,10,0.01954872266561937,14
786,0,3,0.0,2,0.019450979052291272,6
787,0,15,0.0,14,0.019353724157029815,18
788,0,13,0.0,12,0.019256955536244666,16
789,0,9,0.0,8,0.019160670758563442,12
790,0,16,0.0,15,0.019064867404770626,19
791,0,18,0.0,17,0.018969543067746772,21
792,0,17,0.0,16,0.018874695352408037,20
793,0,10,0.0,9,0.018780321875645996,13
794,0,16,0.0,15,0.018686420266267767,19
795,0,18,0.0,17,0.018592988164936427,21
796,0,14,0.0,13,0.018500023224111744,17
797,0,1,0.0,0,0.018407523107991184,4
798,0,6,0.0,5,0.01831548549245123,9
799,0,19,0.0,18,0.018223908064988973,22
800,0,26,0.0,25,0.018132788524664028,29
801,0,6,0.0,5,0.018042124582040707,9
802,0,12,0.0,11,0.017951913959130504,15
803,0,21,0.0,20,0.01786215438933485,24
804,0,28,0.0,27,0.017772843617388175,31
805,0,5,0.0,4,0.017683979399301233,8
806,0,15,0.0,14,0.017595559502304726,18
807,0,9,0.0,8,0.0175075817047932,12
808,0,10,0.0,9,0.017420043796269234,13
809,0,13,0.0,12,0.017332943577287888,16
810,0,8,0.0,7,0.01724627885940145,11
811,0,7,0.0,6,0.017160047465104442,10
812,0,17,0.0,16,0.01707424722777892,20
813,0,21,0.0,20,0.016988875991640028,24
814,0,13,0.0,12,0.016903931611681827,16
815,0,19,0.0,18,0.01681941195362342,22
816,0,11,0.0,10,0.016735314893855303,14
817,0,9,0.0,8,0.016651638319386028,12
818,0,10,0.0,9,0.0165683801277891,13
819,0,7,0.0,6,0.016485538227150154,10
820,0,13,0.0,12,0.0164031105360144,16
821,0,25,0.0,24,0.01632109498333433,28
822,0,18,0.0,17,0.016239489508417658,21
823,0,15,0.0,14,0.01615829206087557,18
824,0,19,0.0,18,0.01607750060057119,22
825,0,11,0.0,10,0.015997113097568336,14
826,0,17,0.0,16,0.015917127532080494,20
827,0,4,0.0,3,0.01583754189442009,7
828,0,15,0.0,14,0.01575835418494799,18
829,0,10,0.0,9,0.01567956241402325,13
830,0,16,0.0,15,0.015601164601953134,19
831,0,25,0.0,24,0.015523158778943369,28
832,0,4,0.0,3,0.015445542985048652,7
833,0,7,0.0,6,0.015368315270123408,10
834,0,2,0.0,1,0.01529147369377279,5
835,0,13,0.0,12,0.015215016325303928,16
836,0,24,0.0,23,0.015138941243677408,27
837,0,4,0.0,3,0.01506324653745902,7
838,0,15,0.0,14,0.014987930304771725,18
839,0,24,0.0,23,0.014912990653247866,27
840,0,5,0.0,4,0.014838425699981627,8
841,0,7,0.0,6,0.01476423357148172,10
842,0,14,0.0,13,0.014690412403624311,17
843,0,21,0.0,20,0.01461696034160619,24
844,0,23,0.0,22,0.014543875539898159,26
845,0,9,0.0,8,0.014471156162198668,12
846,0,14,0.0,13,0.014398800381387675,17
847,0,16,0.0,15,0.014326806379480736,19
848,0,16,0.0,15,0.014255172347583332,19
849,0,18,0.0,17,0.014183896485845416,21
850,0,12,0.0,11,0.014112977003416188,15
851,0,12,0.0,11,0.014042412118399107,15
852,0,12,0.0,11,0.013972200057807112,15
853,0,16,0.0,15,0.013902339057518077,19
854,0,15,0.0,14,0.013832827362230486,18
855,0,16,0.0,15,0.013763663225419333,19
856,0,7,0.0,6,0.013694844909292236,10
857,0,13,0.0,12,0.013626370684745774,16
858,0,21,0.0,20,0.013558238831322046,24
859,0,16,0.0,15,0.013490447637165436,19
860,0,32,0.0,31,0.013422995398979608,35
861,0,13,0.0,12,0.01335588042198471,16
862,0,12,0.0,11,0.013289101019874787,15
863,0,27,0.0,26,0.013222655514775413,30
864,0,1,0.0,0,0.013156542237201536,4
865,0,14,0.0,13,0.013090759526015528,17
866,0,19,0.0,18,0.01302530572838545,22
867,0,8,0.0,7,0.012960179199743523,11
868,0,12,0.0,11,0.012895378303744804,15
869,0,15,0.0,14,0.01283090141222608,18
870,0,16,0.0,15,0.012766746905164949,19
871,0,25,0.0,24,0.012702913170639124,28
872,0,24,0.0,23,0.012639398604785928,27
873,0,23,0.0,22,0.012576201611761997,26
874,0,15,0.0,14,0.012513320603703188,18
875,0,7,0.0,6,0.012450754000684672,10
876,0,20,0.0,19,0.012388500230681249,23
877,0,15,0.0,14,0.012326557729527843,18
878,0,6,0.0,5,0.012264924940880204,9
879,0,16,0.0,15,0.012203600316175803,19
880,0,20,0.0,19,0.012142582314594924,23
881,0,28,0.0,27,0.01208186940302195,31
882,0,19,0.0,18,0.01202146005600684,22
883,0,19,0.0,18,0.011961352755726806,22
884,0,18,0.0,17,0.01190154599194817,21
885,0,14,0.0,13,0.01184203826198843,17
886,0,6,0.0,5,0.011782828070678488,9
887,0,21,0.0,20,0.011723913930325095,24
888,0,14,0.0,13,0.01166529436067347,17
889,0,14,0.0,13,0.011606967888870102,17
890,0,16,0.0,15,0.01154893304942575,19
891,0,12,0.0,11,0.011491188384178622,15
892,0,15,0.0,14,0.011433732442257729,18
893,0,10,0.0,9,0.01137656378004644,13
894,0,14,0.0,13,0.011319680961146208,17
895,0,19,0.0,18,0.011263082556340478,22
896,0,9,0.0,8,0.011206767143558775,12
897,0,11,0.0,10,0.011150733307840981,14
898,0,18,0.0,17,0.011094979641301777,21
899,0,8,0.0,7,0.011039504743095268,11
900,0,11,0.0,10,0.01098430721937979,14
901,0,16,0.0,15,0.010929385683282892,19
902,0,25,0.0,24,0.010874738754866477,28
903,0,19,0.0,18,0.010820365061092144,22
904,0,23,0.0,22,0.010766263235786683,26
905,0,13,0.0,12,0.01071243191960775,16
906,0,17,0.0,16,0.010658869760009713,20
907,0,20,0.0,19,0.010605575411209664,23
908,0,20,0.0,19,0.010552547534153616,23
909,0,19,0.0,18,0.010499784796482848,22
910,0,28,0.0,27,0.010447285872500434,31
911,0,7,0.0,6,0.01039504944313793,10
912,0,11,0.0,10,0.010343074195922241,14
913,0,22,0.0,21,0.01029135882494263,25
914,0,14,0.0,13,0.010239902030817916,17
915,0,7,0.0,6,0.010188702520663827,10
916,0,16,0.0,15,0.010137759008060509,19
917,0,11,0.0,10,0.010087070213020206,14
918,0,17,0.0,16,0.010036634861955105,20
919,0,9,0.0,8,0.01,12
920,0,17,0.0,16,0.01,20
921,0,13,0.0,12,0.01,16
922,0,14,0.0,13,0.01,17
923,0,21,0.0,20,0.01,24
924,0,15,0.0,14,0.01,18
925,0,23,0.0,22,0.01,26
926,0,2,0.0,1,0.01,5
927,0,14,0.0,13,0.01,17
928,0,19,0.0,18,0.01,22
929,0,14,0.0,13,0.01,17
930,0,26,0.0,25,0.01,29
931,0,6,0.0,5,0.01,9
932,0,9,0.0,8,0.01,12
933,0,14,0.0,13,0.01,17
934,0,22,0.0,21,0.01,25
935,0,15,0.0,14,0.01,18
936,0,23,0.0,22,0.01,26
937,0,18,0.0,17,0.01,21
938,0,15,0.0,14,0.01,18
939,0,16,0.0,15,0.01,19
940,0,21,0.0,20,0.01,24
941,0,15,0.0,14,0.01,18
942,0,24,0.0,23,0.01,27
943,0,5,0.0,4,0.01,8
944,0,16,0.0,15,0.01,19
945,0,16,0.0,15,0.01,19
946,0,12,0.0,11,0.01,15
947,0,18,0.0,17,0.01,21
948,0,17,0.0,16,0.01,20
949,0,14,0.0,13,0.01,17
950,0,16,0.0,15,0.01,19
951,0,1,0.0,0,0.01,4
952,0,0,0.0,-1,0.01,3
953,0,24,0.0,23,0.01,27
954,0,24,0.0,23,0.01,27
955,0,13,0.0,12,0.01,16
956,0,11,0.0,10,0.01,14
957,0,20,0.0,19,0.01,23
958,0,25,0.0,24,0.01,28
959,0,17,0.0,16,0.01,20
960,0,14,0.0,13,0.01,17
961,0,9,0.0,8,0.01,12
962,0,22,0.0,21,0.01,25
963,0,22,0.0,21,0.01,25
964,0,21,0.0,20,0.01,24
965,0,20,0.0,19,0.01,23
966,0,15,0.0,14,0.01,18
967,0,10,0.0,9,0.01,13
968,0,17,0.0,16,0.01,20
969,0,20,0.0,19,0.01,23
970,0,21,0.0,20,0.01,24
971,0,19,0.0,18,0.01,22
972,0,8,0.0,7,0.01,11
973,0,15,0.0,14,0.01,18
974,0,17,0.0,16,0.01,20
975,0,15,0.0,14,0.01,18
976,0,10,0.0,9,0.01,13
977,0,20,0.0,19,0.01,23
978,0,24,0.0,23,0.01,27
979,0,19,0.0,18,0.01,22
980,0,6,0.0,5,0.01,9
981,0,24,0.0,23,0.01,27
982,0,23,0.0,22,0.01,26
983,0,14,0.0,13,0.01,17
984,0,21,0.0,20,0.01,24
985,0,14,0.0,13,0.01,17
986,0,8,0.0,7,0.01,11
987,0,15,0.0,14,0.01,18
988,0,12,0.0,11,0.01,15
989,0,14,0.0,13,0.01,17
990,0,24,0.0,23,0.01,27
991,0,13,0.0,12,0.01,16
992,0,5,0.0,4,0.01,8
993,0,24,0.0,23,0.01,27
994,0,9,0.0,8,0.01,12
995,0,20,0.0,19,0.01,23
996,0,19,0.0,18,0.01,22
997,0,11,0.0,10,0.01,14
998,0,20,0.0,19,0.01,23
999,0,19,0.0,18,0.01,22
